              	; --------------------------------------
              	; zasm: assemble "bforth2.asm"
              	; opts: --casefold
              	; date: 2026-10-10 09:51:50
              	; --------------------------------------


0100:         	    org     $0100
              	
0100:         	main_entry:
0100: CDC507  	    CALL    START
              	
0103:         	main_prompt_input_echo_loop:
0103: CD7F07  	    CALL    INLINE
              	
0106:         	main_prompt_parse_tokens:
0106: CDCF07  	    CALL    TOKEN
              	
0109: CDEF06  	    CALL    CLEAR
              	
010C: 2802    	    JR      Z, main_null_token
              	
010E: 18F6    	    JR      main_prompt_parse_tokens
              	
0110:         	main_null_token:
0110: CD1709  	    CALL    pop_stack
0113: CD8907  	    CALL    OK
0116: 18EB    	    JR      main_prompt_input_echo_loop
              	
0118:         	main_done:
0118: C9      	    RET
              	
              	    .include "bdos/bdos.constants.asm"
0005:         	BDOS                  equ     5d
0002:         	F_CONSOLE_OUT         equ     2d              ; Console Output
0009:         	F_PRINT_STRING        equ     9d              ; Print string function
000A:         	F_READ_CONSOLE_BUFFER equ     10d           ; Read console buffer function
000F:         	F_OPEN                equ     15d             ; Open file function
0014:         	F_READ                equ     20d             ; Read sequential function
001A:         	F_DMA                 equ     26d             ; Set DMA address function
0016:         	F_MAKE                equ     22d             ; Make (create) file function
0015:         	F_WRITE               equ     21d             ; Write sequential function
0010:         	F_CLOSE               equ     16d             ; Close file function
0013:         	F_DELETE              equ     19d             ; Delete file function
              	    
              	    .include "bdos/bdos-line-input.asm"
              	;; ==========================================================
              	;; Inputs a line of text from the console
              	;; IN:
              	;; OUT:
              	;; MOD:
              	;; ==========================================================
0119:         	bdos_line_input
0119: 0E0A    	    LD      C, F_READ_CONSOLE_BUFFER
011B: CD0500  	    CALL    BDOS
              	
011E: C9      	    RET
              	    
              	    .include "bdos/bdos-print-char.asm"
              	;; ==========================================================
              	;; Prints a character to the console
              	;; IN:  E - the character
              	;; OUT:
              	;; MOD:
              	;; ==========================================================
011F:         	bdos_print_char
011F: 0E02    	    LD      C, F_CONSOLE_OUT
0121: CD0500  	    CALL    BDOS
              	
0124: C9      	    RET
              	    
              	    .include "bdos/bdos-print-string.asm"
              	;; ==========================================================
              	;; Prints the string to the console
              	;; IN:  DE - location of $-delimited string
              	;; OUT:
              	;; MOD:
              	;; ==========================================================
0125:         	bdos_print_string
0125: 0E09    	    LD      C, F_PRINT_STRING
0127: CD0500  	    CALL    BDOS
              	
012A: C9      	    RET
              	    
              	
              	    .include "constants/ascii.asm"
0009:         	ASCII_TAB               .equ    $09
000A:         	ASCII_LF                .equ    $0A
000B:         	ASCII_VT                .equ    $0B
000C:         	ASCII_FF                .equ    $0C
000D:         	ASCII_CR                .equ    $0D
001A:         	ASCII_EOF               .equ    $1A
              	
0020:         	ASCII_FIRST_NON_CONTROL .equ    $20
0020:         	ASCII_SPACE             .equ    $20
002E:         	ASCII_PERIOD            .equ    $2E
              	
0061:         	ASCII_A_LOWER           .equ    $61
007B:         	ASCII_Z_LOWER_PLUS_ONE  .equ    $7B
              	    
              	    .include "constants/text.asm"
012B: 4F4B0A00	INPUT_OK_NL                       DEFM    "OK", 10, 0
012F: 3F0A00  	INPUT_NOT_RECOGNIZED_NL           DEFM    "?",10,0
0132: 0A00    	NEW_LINE                          DEFM    10, 0
0134: 202D2000	HELP_SYNTAX_DESCRIPTION_DELIMITER DEFM    " - ", 0
0138: 3F53796E	SYNTAX_ERROR_NL                   DEFM    "?Syntax error.",10, 0
013C: 74617820	
0140: 6572726F	
0144: 722E0A00	
0148: 3F4E6F74	NOT_IMPLEMENTED_NL                DEFM    "?Not implemented.",10,0
014C: 20696D70	
0150: 6C656D65	
0154: 6E746564	
0158: 2E0A00  	
              	    
              	
              	    .include "util/is-whitespace.asm"
              	
              	;; ===============================================================
              	;; Determines if the character in A is whitespace (NZ for false,
              	;; Z for true)
              	;; IN:  A  - character
              	;; OUT: Z flag
              	;; MOD: flags
              	;; ===============================================================
015B:         	is_whitespace:
015B: FE20    	    CP      A, ASCII_SPACE
015D: C8      	    RET     Z
              	
015E: FE09    	    CP      A, ASCII_TAB
0160: C8      	    RET     Z
              	
0161: FE0D    	    CP      A, ASCII_CR
0163: C8      	    RET     Z
              	
0164: FE0A    	    CP      A, ASCII_LF
0166: C8      	    RET     Z
              	
0167: FE0C    	    CP      A, ASCII_FF
0169: C8      	    RET     Z
              	
016A: FE0B    	    CP      A, ASCII_VT
016C: C8      	    RET     Z
              	
016D: C9      	    RET
              	    
              	    .include "util/parse-file-name.asm"
              	;; ==================================================================
              	;; Parses the next available token as a file name
              	;; IN:  -
              	;; OUT: A - 0 on success, non-zero on error
              	;; MOD: A, DE, HL, IX
              	;; ==================================================================
016E:         	parse_file_name:
              	;; CALL    parse_token
              	
016E: 78      	    LD      A, B                            ; check if a word was specified
016F: B7      	    OR      A
0170: 2850    	    JR      Z, parse_file_name_syntax_error
              	
0172: 2AD00E  	    LD      HL, (CURRENT_INPUT_POS)         ; check that no further input was specified
0175: 7E      	    LD      A, (HL)
0176: B7      	    OR      A
0177: 2049    	    JR      NZ, parse_file_name_syntax_error
              	
0179:         	parse_file_name_initialize:
0179: 21D20E  	    LD      HL, PARSED_FILE_NAME            ; initialize the results to fill with spaces
017C: 3E20    	    LD      A, ASCII_SPACE
017E: 010B00  	    LD      BC, 0x000B                      ; 8 + 3
0181: CDE408  	    CALL    system_fill_memory
              	
0184: 211F08  	    LD      HL, CURRENT_TOKEN
0187: CD7004  	    CALL    TO_UPPERCASE
018A: 11D20E  	    LD      DE, PARSED_FILE_NAME
018D: 0E00    	    LD      C, 0x00
              	
018F:         	parse_file_name_parse_filename_loop:
018F: 7E      	    LD      A, (HL)                         ; load a character
              	
0190: B7      	    OR      A                               ; check for null terminator
0191: 2838    	    JR      Z, parse_file_name_invalid_filename ; null terminator found before "."
              	
0193: FE2E    	    CP      ASCII_PERIOD
0195: 280B    	    JR      Z, parse_file_name_parse_filename_period_found
              	
0197: 12      	    LD      (DE), A
              	
0198: 23      	    INC     HL
0199: 13      	    INC     DE
019A: 0C      	    INC     C
              	
019B: 79      	    LD      A, C
019C: FE09    	    CP      0x09                            ; max file name length (without extension) is 8
019E: 302B    	    JR      NC, parse_file_name_invalid_filename
              	
01A0: 18ED    	    JR      parse_file_name_parse_filename_loop
              	
01A2:         	parse_file_name_parse_filename_period_found:
01A2: 79      	    LD      A, C                            ; check if filename is blank
01A3: B7      	    OR      A
01A4: 2825    	    JR      Z, parse_file_name_invalid_filename
              	
01A6:         	parse_file_name_parse_extension:
01A6: 23      	    INC     HL
01A7: 11DA0E  	    LD      DE, PARSED_FILE_EXT
01AA: 0E00    	    LD      C, 0x00
              	
01AC:         	parse_file_name_parse_extension_loop:
01AC: 7E      	    LD      A, (HL)
              	
01AD: B7      	    OR      A
01AE: 280B    	    JR      Z, parse_file_name_parse_extension_done
              	
01B0: 12      	    LD      (DE), A
              	
01B1: 23      	    INC     HL
01B2: 13      	    INC     DE
01B3: 0C      	    INC     C
              	
01B4: 79      	    LD      A, C
01B5: FE04    	    CP      0x04                            ; max file extension is 3
01B7: 3012    	    JR      NC, parse_file_name_invalid_filename
              	
01B9: 18F1    	    JR      parse_file_name_parse_extension_loop
              	
01BB:         	parse_file_name_parse_extension_done:
01BB: 79      	    LD      A, C                            ; check if extension is blank
01BC: B7      	    OR      A
01BD: 280C    	    JR      Z, parse_file_name_invalid_filename
              	
01BF: 3E00    	    LD      A, 0x00                         ; success
01C1: C9      	    RET
              	
01C2:         	parse_file_name_syntax_error:
01C2: 113801  	    LD      DE, SYNTAX_ERROR_NL
01C5: CD8C08  	    CALL    print
              	
01C8: 3E01    	    LD      A, 0x01                         ; error
01CA: C9      	    RET
              	
01CB:         	parse_file_name_invalid_filename:
              	    .local
01CB: 11D401  	    LD      DE, MESSAGE
01CE: CD8C08  	    CALL    PRINT
              	
01D1: 3E01    	    LD      A, 0x01                         ; error
01D3: C9      	    RET
              	
01D4: 496E7661	MESSAGE             DEFM    "Invalid file name.", 10, 0
01D8: 6C696420	
01DC: 66696C65	
01E0: 206E616D	
01E4: 652E0A00	
              	    .endlocal
              	    
              	    .include "util/load-file-prepare.asm"
              	;; ===============================================================
              	;; Prepares to load from file.
              	;; IN:  -
              	;; OUT: A - 0 on success, 1 on error
              	;; MOD:
              	;; ===============================================================
01E8:         	load_file_prepare:
01E8:         	load_file_prepare_initialize:
01E8: 216702  	    LD      HL, load_file_FCB               ; reset the FCB
01EB: 012400  	    LD      BC, load_file_FCB_size
01EE: 3E00    	    LD      A, 0
01F0: CDE408  	    CALL    system_fill_memory
              	
01F3: 21D20E  	    LD      HL, PARSED_FILE_NAME            ; set the file name
01F6: 116802  	    LD      DE, load_file_FCB_NAME
01F9: 010800  	    LD      BC, 0x0008
01FC: EDB0    	    LDIR
              	
01FE: 21DA0E  	    LD      HL, PARSED_FILE_EXT             ; set the file extension
0201: 117002  	    LD      DE, load_file_FCB_EXT
0204: 010300  	    LD      BC, 0x0003
0207: EDB0    	    LDIR
              	
0209: 0E1A    	    LD      C, F_DMA                        ; Set the DMA buffer address
020B: 11DD0E  	    LD      DE, LOAD_FILE_BUFFER
020E: CD0500  	    CALL    BDOS
              	
0211:         	load_file_prepare_open:
0211: 0E0F    	    LD      C, F_OPEN
0213: 116702  	    LD      DE, load_file_FCB
0216: CD0500  	    CALL    BDOS
              	
0219: FEFF    	    CP      0xFF
021B: 2047    	    JR      NZ, load_file_prepare_success
              	
021D:         	load_file_prepare_error:
              	    .local
021D: 112602  	    LD      DE, MESSAGE
0220: CD8C08  	    CALL    print
              	
0223: 3E01    	    LD      A, 1
0225: C9      	    RET
              	
0226: 46696C65	MESSAGE                        DEFM    "File open failed.  Ensure name of file on disk is uppercase.", 10, 0
022A: 206F7065	
022E: 6E206661	
0232: 696C6564	
0236: 2E202045	
023A: 6E737572	
023E: 65206E61	
0242: 6D65206F	
0246: 66206669	
024A: 6C65206F	
024E: 6E206469	
0252: 736B2069	
0256: 73207570	
025A: 70657263	
025E: 6173652E	
0262: 0A00    	
              	    .endlocal
              	
0264:         	load_file_prepare_success:
0264: 3E00    	    LD      A, 0
0266: C9      	    RET
              	
0267: 00      	load_file_FCB:                 DEFB    00h             ; 00h = Default logged drive
0268: FFFFFFFF	load_file_FCB_NAME:            DEFS    8               ; 8-character file name (padded with spaces)
026C: FFFFFFFF	
0270: FFFFFF  	load_file_FCB_EXT:             DEFS    3               ; 3-character extension
0273: 00      	load_file_FCB_EX:              DEFB    00h             ; Current extent (always set to 0)
0274: 0000    	                               DEFB    00h, 00h                        ; Reserved bytes
0276: 00      	load_file_FCB_RC:              DEFB    00h             ; Record count
0277: FFFFFFFF	                               DEFS    16                              ; Disk allocation map (filled by BDOS)
027B: FF...   	
0287: 00      	load_file_FCB_CR:              DEFB    00h             ; Current record (always set to 0)
0288: FFFFFF  	load_file_FCB_RREC:            DEFS    3               ; Random record pointer
0024:         	load_file_FCB_size             equ     $ - load_file_FCB
028B: FFFFFFFF	load_file_prepare_write_buffer DEFS    128d ; the write buffer
028F: FF...   	
              	    
              	    .include "util/load-file-fetch.asm"
              	;; ===============================================================
              	;; Reads the next 128 byte block from the file into the
              	;; LOAD_FILE_BUFFER
              	;; IN:  -
              	;; OUT: A - 0 on success, 1 on EOF
              	;; MOD:
              	;; ===============================================================
030B:         	load_file_fetch:
030B:         	load_file_fetch_initialize:
030B: 21DD0E  	    LD      HL, LOAD_FILE_BUFFER            ; reset the buffer
030E: 018000  	    LD      BC, 128d
0311: 3E00    	    LD      A, 0
0313: CDE408  	    CALL    system_fill_memory
              	
0316:         	load_file_fetch_read:
0316: 0E14    	    LD      C, F_READ
0318: 116702  	    LD      DE, load_file_FCB
031B: CD0500  	    CALL    BDOS
              	
031E:         	load_file_fetch_done:
031E: C9      	    RET
              	    
              	    .include "util/save-file.asm"
              	;; ===============================================================
              	;; Saves prepared content to a file.
              	;; IN:  HL - the start of null-terminated content
              	;; OUT: A - 0 on success, 1 on error
              	;; MOD:
              	;; ===============================================================
031F:         	save_file:
031F:         	save_file_initialize:
031F: 22BD03  	    LD      (save_file_content), HL
              	
0322: 21BF03  	    LD      HL, save_file_FCB               ; reset the FCB
0325: 012400  	    LD      BC, save_file_FCB_size
0328: 3E00    	    LD      A, 0
032A: CDE408  	    CALL    system_fill_memory
              	
032D: 21D20E  	    LD      HL, PARSED_FILE_NAME            ; set the file name
0330: 11C003  	    LD      DE, save_file_FCB_NAME
0333: 010800  	    LD      BC, 0x0008
0336: EDB0    	    LDIR
              	
0338: 21DA0E  	    LD      HL, PARSED_FILE_EXT             ; set the file extension
033B: 11C803  	    LD      DE, save_file_FCB_EXT
033E: 010300  	    LD      BC, 0x0003
0341: EDB0    	    LDIR
              	
0343:         	save_file_write:
0343: 0E1A    	    LD      C, F_DMA                        ; Set the DMA buffer address
0345: 11E303  	    LD      DE, save_file_write_buffer
0348: CD0500  	    CALL    BDOS
              	
034B: 0E13    	    LD      C, F_DELETE                     ; Delete any existing file with the same name first (Optional but recommended)
034D: 11BF03  	    LD      DE, save_file_FCB
0350: CD0500  	    CALL    BDOS                            ; ignore a delete error (e.g., file doesn't exist)
              	
0353: 0E16    	    LD      C, F_MAKE                       ; Create the new file entry in the directory
0355: 11BF03  	    LD      DE, save_file_FCB
0358: CD0500  	    CALL    BDOS
035B: 3C      	    INC     A
035C: 2845    	    JR      Z, save_file_error              ; Exit if file could not be created
              	
035E:         	save_file_fill_buffer:
035E: 21E303  	    LD      HL, save_file_write_buffer      ; blank out the buffer
0361: 018000  	    LD      BC, 128d
0364: 3E1A    	    LD      A, ASCII_EOF
0366: CDE408  	    CALL    system_fill_memory
              	
0369: 2ABD03  	    LD      HL, (save_file_content)         ; initialize pointers
036C: 11E303  	    LD      DE, save_file_write_buffer
036F: 0E80    	    LD      C, 128
              	
0371:         	save_file_fill_buffer_loop:
0371: 7E      	    LD      A, (HL)
0372: B7      	    OR      A
0373: 2816    	    JR      Z, save_file_fill_buffer_done   ; null terminator found - write the final buffer and close out
              	
0375: 12      	    LD      (DE), A                         ; copy the character and move to the next one
              	
0376: 23      	    INC     HL
0377: 13      	    INC     DE
0378: 0D      	    DEC     C
              	
0379: 20F6    	    JR      NZ, save_file_fill_buffer_loop  ; until buffer filled
              	
037B: 22BD03  	    LD      (save_file_content), HL         ; update the pointer for the next buffer write
              	
037E: 0E15    	    LD      C, F_WRITE                      ; Write the current buffer to the file
0380: 11BF03  	    LD      DE, save_file_FCB
0383: CD0500  	    CALL    BDOS
0386: B7      	    OR      A
0387: 201A    	    JR      NZ, save_file_error             ; Error if A is not 00h (e.g. disk full)
              	
0389: 18D3    	    JR      save_file_fill_buffer           ; start the next buffer
              	
038B:         	save_file_fill_buffer_done:
038B: 0E15    	    LD      C, F_WRITE                      ; Write the buffer to the file
038D: 11BF03  	    LD      DE, save_file_FCB
0390: CD0500  	    CALL    BDOS
0393: B7      	    OR      A
0394: 200D    	    JR      NZ, save_file_error             ; Error if A is not 00h (e.g. disk full)
              	
0396: 0E10    	    LD      C, F_CLOSE                      ; close the file
0398: 11BF03  	    LD      DE, save_file_FCB
039B: CD0500  	    CALL    BDOS
039E: B7      	    OR      A
039F: 2002    	    JR      NZ, save_file_error             ; Error if file could not be closed
              	
03A1: 1817    	    JR      save_file_success
              	
03A3:         	save_file_error:
              	    .local
03A3: 11AC03  	    LD      DE, MESSAGE
03A6: CD8C08  	    CALL    print
              	
03A9: 3E01    	    LD      A, 1
03AB: C9      	    RET
              	
03AC: 53617665	MESSAGE                DEFM    "Save failed.", 10, 0
03B0: 20666169	
03B4: 6C65642E	
03B8: 0A00    	
              	    .endlocal
              	
03BA:         	save_file_success:
03BA: 3E00    	    LD      A, 0
03BC: C9      	    RET
              	
03BD: 0000    	save_file_content:     DEFW    0x0000          ; address of the content
03BF: 00      	save_file_FCB:         DEFB    00h             ; 00h = Default logged drive
03C0: FFFFFFFF	save_file_FCB_NAME:    DEFS    8               ; 8-character file name (padded with spaces)
03C4: FFFFFFFF	
03C8: FFFFFF  	save_file_FCB_EXT:     DEFS    3               ; 3-character extension
03CB: 00      	save_file_FCB_EX:      DEFB    00h             ; Current extent (always set to 0)
03CC: 0000    	                       DEFB    00h, 00h                        ; Reserved bytes
03CE: 00      	save_file_FCB_RC:      DEFB    00h             ; Record count
03CF: FFFFFFFF	                       DEFS    16                              ; Disk allocation map (filled by BDOS)
03D3: FF...   	
03DF: 00      	save_file_FCB_CR:      DEFB    00h             ; Current record (always set to 0)
03E0: FFFFFF  	save_file_FCB_RREC:    DEFS    3               ; Random record pointer
0024:         	save_file_FCB_size     equ     $ - save_file_FCB
03E3: FFFFFFFF	save_file_write_buffer DEFS    128d         ; the write buffer
03E7: FF...   	
              	    
              	    .include "util/skip-whitespace.asm"
              	;; ===============================================================
              	;; Advances HL to the first non-whitespace character or a null
              	;; terminator
              	;; IN:  HL - starting address
              	;; OUT: HL - address of first non-whitespace character or a null
              	;;           terminator
              	;; MOD: A, HL, flags
              	;; ===============================================================
0463:         	skip_whitespace:
0463:         	skip_whitespace_loop:
0463: 7E      	    LD      A, (HL)                         ; A contains the character
0464: B7      	    OR      A                               ; check for null terminator
0465: 2808    	    JR      Z, skip_whitespace_done
              	
0467: CD5B01  	    CALL    is_whitespace                   ; check if this is a whitespace (Z for true)
046A: 2003    	    JR      NZ, skip_whitespace_done
              	
046C: 23      	    INC     HL
046D: 18F4    	    JR      skip_whitespace_loop
              	
046F:         	skip_whitespace_done:
046F: C9      	    RET
              	    
              	    .include "util/to-uppercase.asm"
              	;; ===============================================================
              	;; Converts a string to uppercase in situ.
              	;; IN:  HL - start address
              	;;      B - length
              	;; OUT: HL - original start address
              	;;      B - original length
              	;; MOD:
              	;; ===============================================================
0470:         	to_uppercase:
0470: E5      	    PUSH    HL                              ; cache the starting address
0471: C5      	    PUSH    BC                              ; cache the length
              	
0472:         	to_uppercase_loop:
0472: 78      	    LD      A, B
0473: B7      	    OR      A
0474: 2814    	    JR      Z, to_uppercase_done
              	
0476: 7E      	    LD      A, (HL)
              	
0477:         	to_uppercase_process_character:
0477: FE20    	    CP      ASCII_FIRST_NON_CONTROL         ; first non-control character
0479: 380B    	    JR      C, to_uppercase_next_character
              	
047B: FE61    	    CP      ASCII_A_LOWER                   ; check if less than "a"
047D: 3807    	    JR      C, to_uppercase_next_character
              	
047F: FE7B    	    CP      ASCII_Z_LOWER_PLUS_ONE          ; check if greater than "z"
0481: 3003    	    JR      NC, to_uppercase_next_character
              	
0483: CBAF    	    RES     5, A                            ; uppercase the character
0485: 77      	    LD      (HL), A
              	
0486:         	to_uppercase_next_character:
0486: 23      	    INC     HL
0487: 05      	    DEC     B
0488: 18E8    	    JR      to_uppercase_loop
              	
048A:         	to_uppercase_done:
048A: C1      	    POP     BC                              ; restore the length
048B: E1      	    POP     HL                              ; restore the starting address
              	
048C: C9      	    RET
              	    
              	    .include "command-processor/command-list.asm"
048D:         	COMMAND_LIST     DEFL    $
              	
0000:         	COMMAND_NEXT_COMMAND = 0
0002:         	COMMAND_KEYWORD_LEN = COMMAND_NEXT_COMMAND + 2
0003:         	COMMAND_KEYWORD = COMMAND_KEYWORD_LEN + 1
0005:         	COMMAND_SYNTAX = COMMAND_KEYWORD + 2
0007:         	COMMAND_DESCRIPTION = COMMAND_SYNTAX + 2
0009:         	COMMAND_METHOD_ADDRESS = COMMAND_DESCRIPTION + 2
              	
048D:         	HELP_COMMAND_DEF:
              	    .local
048D: BA04    	                 DEFW    ADD_COMMAND_DEF                 ; next command
048F: 04      	                 DEFB    4                               ; keyword length
0490: 9804    	                 DEFW    KEYWORD
0492: 9C04    	                 DEFW    SYNTAX
0494: A104    	                 DEFW    DESCRIPTION
0496: 200A    	                 DEFW    help_command
              	
0498: 48454C50	KEYWORD:         DEFM    "HELP"
049C: 68656C70	SYNTAX:          DEFM    "help", 0
04A0: 00      	
04A1: 4C697374	DESCRIPTION:     DEFM    "List available commands.", 0
04A5: 20617661	
04A9: 696C6162	
04AD: 6C652063	
04B1: 6F6D6D61	
04B5: 6E64732E	
04B9: 00      	
              	    .endlocal
              	
04BA:         	ADD_COMMAND_DEF:
              	    .local
04BA: F104    	                 DEFW    FIND_COMMAND_DEF                ; next command
04BC: 03      	                 DEFB    3                               ; keyword length
04BD: C504    	                 DEFW    KEYWORD
04BF: C804    	                 DEFW    SYNTAX
04C1: D304    	                 DEFW    DESCRIPTION
04C3: 6E0A    	                 DEFW    add_command
              	
04C5: 414444  	KEYWORD:         DEFM    "ADD"
04C8: 61646420	SYNTAX:          DEFM    "add <word>", 0
04CC: 3C776F72	
04D0: 643E00  	
04D3: 41646473	DESCRIPTION:     DEFM    "Adds A word to the word list.", 0
04D7: 20412077	
04DB: 6F726420	
04DF: 746F2074	
04E3: 68652077	
04E7: 6F726420	
04EB: 6C697374	
04EF: 2E00    	
              	    .endlocal
              	
04F1:         	FIND_COMMAND_DEF:
              	    .local
04F1: 2A05    	                 DEFW    REMOVE_COMMAND_DEF              ; next command
04F3: 04      	                 DEFB    4                               ; keyword length
04F4: FC04    	                 DEFW    KEYWORD
04F6: 0005    	                 DEFW    SYNTAX
04F8: 0C05    	                 DEFW    DESCRIPTION
04FA: C30A    	                 DEFW    find_command
              	
04FC: 46494E44	KEYWORD:         DEFM    "FIND"
0500: 66696E64	SYNTAX:          DEFM    "find <word>", 0
0504: 203C776F	
0508: 72643E00	
050C: 46696E64	DESCRIPTION:     DEFM    "Find A word in the word list.", 0
0510: 20412077	
0514: 6F726420	
0518: 696E2074	
051C: 68652077	
0520: 6F726420	
0524: 6C697374	
0528: 2E00    	
              	    .endlocal
              	
052A:         	REMOVE_COMMAND_DEF:
              	    .local
052A: 7105    	                 DEFW    DUMP_COMMAND_DEF                ; next command
052C: 06      	                 DEFB    6                               ; keyword length
052D: 3505    	                 DEFW    KEYWORD
052F: 3B05    	                 DEFW    SYNTAX
0531: 4205    	                 DEFW    DESCRIPTION
0533: 3F0B    	                 DEFW    remove_command
              	
0535: 52454D4F	KEYWORD:         DEFM    "REMOVE"
0539: 5645    	
053B: 72656D6F	SYNTAX:          DEFM    "remove", 0
053F: 766500  	
0542: 52656D6F	DESCRIPTION:     DEFM    "Remove the last added word from the word list.", 0
0546: 76652074	
054A: 6865206C	
054E: 61737420	
0552: 61646465	
0556: 6420776F	
055A: 72642066	
055E: 726F6D20	
0562: 74686520	
0566: 776F7264	
056A: 206C6973	
056E: 742E00  	
              	    .endlocal
              	
0571:         	DUMP_COMMAND_DEF:
              	    .local
0571: 9905    	                 DEFW    CHECKPOINT_COMMAND_DEF          ; next command
0573: 04      	                 DEFB    4                               ; keyword length
0574: 7C05    	                 DEFW    KEYWORD
0576: 8005    	                 DEFW    SYNTAX
0578: 8505    	                 DEFW    DESCRIPTION
057A: 910B    	                 DEFW    dump_command
              	
057C: 44554D50	KEYWORD:         DEFM    "DUMP"
0580: 64756D70	SYNTAX:          DEFM    "dump", 0
0584: 00      	
0585: 44756D70	DESCRIPTION:     DEFM    "Dump the word list.", 0
0589: 20746865	
058D: 20776F72	
0591: 64206C69	
0595: 73742E00	
              	    .endlocal
              	
0599:         	CHECKPOINT_COMMAND_DEF:
              	    .local
0599: E105    	                 DEFW    ROLLBACK_COMMAND_DEF            ; next command
059B: 0A      	                 DEFB    10                              ; keyword length
059C: A405    	                 DEFW    KEYWORD
059E: AE05    	                 DEFW    SYNTAX
05A0: B905    	                 DEFW    DESCRIPTION
05A2: D00B    	                 DEFW    checkpoint_command
              	
05A4: 43484543	KEYWORD:         DEFM    "CHECKPOINT"
05A8: 4B504F49	
05AC: 4E54    	
05AE: 63686563	SYNTAX:          DEFM    "checkpoint", 0
05B2: 6B706F69	
05B6: 6E7400  	
05B9: 53746F72	DESCRIPTION:     DEFM    "Store the current word list checkpoint.", 0
05BD: 65207468	
05C1: 65206375	
05C5: 7272656E	
05C9: 7420776F	
05CD: 7264206C	
05D1: 69737420	
05D5: 63686563	
05D9: 6B706F69	
05DD: 6E742E00	
              	    .endlocal
              	
05E1:         	ROLLBACK_COMMAND_DEF:
              	    .local
05E1: 2106    	                 DEFW    LOAD_COMMAND_DEF                ; next command
05E3: 08      	                 DEFB    8                               ; keyword length
05E4: EC05    	                 DEFW    KEYWORD
05E6: F405    	                 DEFW    SYNTAX
05E8: FD05    	                 DEFW    DESCRIPTION
05EA: F70B    	                 DEFW    rollback_command
              	
05EC: 524F4C4C	KEYWORD:         DEFM    "ROLLBACK"
05F0: 4241434B	
05F4: 726F6C6C	SYNTAX:          DEFM    "rollback", 0
05F8: 6261636B	
05FC: 00      	
05FD: 526F6C6C	DESCRIPTION:     DEFM    "Rollback to the current checkpoint.", 0
0601: 6261636B	
0605: 20746F20	
0609: 74686520	
060D: 63757272	
0611: 656E7420	
0615: 63686563	
0619: 6B706F69	
061D: 6E742E00	
              	    .endlocal
              	
0621:         	LOAD_COMMAND_DEF:
              	    .local
0621: 5E06    	                 DEFW    SAVE_COMMAND_DEF                ; next command
0623: 04      	                 DEFB    4                               ; keyword length
0624: 2C06    	                 DEFW    KEYWORD
0626: 3006    	                 DEFW    SYNTAX
0628: 4006    	                 DEFW    DESCRIPTION
062A: 830C    	                 DEFW    load_command
              	
062C: 4C4F4144	KEYWORD:         DEFM    "LOAD"
0630: 6C6F6164	SYNTAX:          DEFM    "load <filename>", 0
0634: 203C6669	
0638: 6C656E61	
063C: 6D653E00	
0640: 4C6F6164	DESCRIPTION:     DEFM    "Load A word list from A file.", 0
0644: 20412077	
0648: 6F726420	
064C: 6C697374	
0650: 2066726F	
0654: 6D204120	
0658: 66696C65	
065C: 2E00    	
              	    .endlocal
              	
065E:         	SAVE_COMMAND_DEF:
              	    .local
065E: 9B06    	                 DEFW    CLEAR_COMMAND_DEF               ; next command
0660: 04      	                 DEFB    4                               ; keyword length
0661: 6906    	                 DEFW    KEYWORD
0663: 6D06    	                 DEFW    SYNTAX
0665: 7D06    	                 DEFW    DESCRIPTION
0667: 6D0D    	                 DEFW    save_command
              	
0669: 53415645	KEYWORD:         DEFM    "SAVE"
066D: 73617665	SYNTAX:          DEFM    "save <filename>", 0
0671: 203C6669	
0675: 6C656E61	
0679: 6D653E00	
067D: 53617665	DESCRIPTION:     DEFM    "Save the word list to A file.", 0
0681: 20746865	
0685: 20776F72	
0689: 64206C69	
068D: 73742074	
0691: 6F204120	
0695: 66696C65	
0699: 2E00    	
              	    .endlocal
              	
069B:         	CLEAR_COMMAND_DEF:
              	    .local
069B: C606    	                 DEFW    QUIT_COMMAND_DEF                ; next command
069D: 05      	                 DEFB    5                               ; keyword length
069E: A606    	                 DEFW    KEYWORD
06A0: AB06    	                 DEFW    SYNTAX
06A2: B106    	                 DEFW    DESCRIPTION
06A4: 500C    	                 DEFW    clear_command
              	
06A6: 434C4541	KEYWORD:         DEFM    "CLEAR"
06AA: 52      	
06AB: 636C6561	SYNTAX:          DEFM    "clear", 0
06AF: 7200    	
06B1: 436C6561	DESCRIPTION:     DEFM    "Clear the word list.", 0
06B5: 72207468	
06B9: 6520776F	
06BD: 7264206C	
06C1: 6973742E	
06C5: 00      	
              	    .endlocal
              	
06C6:         	QUIT_COMMAND_DEF:
              	    .local
06C6: EC06    	                 DEFW    COMMAND_LIST_END                ; next command
06C8: 04      	                 DEFB    4                               ; keyword length
06C9: D106    	                 DEFW    KEYWORD
06CB: D506    	                 DEFW    SYNTAX
06CD: DA06    	                 DEFW    DESCRIPTION
06CF: 150E    	                 DEFW    quit_command                    ; method address
              	
06D1: 51554954	KEYWORD:         DEFM    "QUIT"
06D5: 71756974	SYNTAX:          DEFM    "quit", 0
06D9: 00      	
06DA: 45786974	DESCRIPTION:     DEFM    "Exit the program.", 0
06DE: 20746865	
06E2: 2070726F	
06E6: 6772616D	
06EA: 2E00    	
              	    .endlocal
              	
06EC: 0000    	COMMAND_LIST_END DEFW    0
06EE: 00      	                 DEFB    0
              	
              	;    { "add", "add <word>", "Add a word to the word list.", addCommand },
              	;    { "find", "find <word>", "Find a word in the word list.", findCommand },
              	;    { "remove", "remove", "Remove the last added word from the word list.", removeCommand },
              	;    { "dump", "dump", "Dump the word list.", dumpCommand },
              	;    { "clear", "clear", "Clear the word list.", clearCommand },
              	;    { "checkpoint", "checkpoint", "Store the current word list checkpoint.", checkpointCommand },
              	;    { "rollback", "rollback", "Rollback to the current checkpoint.", rollbackCommand },
              	;    { "save", "save <file name>", "Save the word list to a file.", saveCommand },
              	;    { "load", "load <file name>", "Load and append words from a file.", loadCommand },
              	    
              	
              	    .include "dictionary/CLEAR.asm"
              	;; ==================================================================
              	;; Examines the top of the stack and sets the Z flag if it is non-null
              	;; IN:  -
              	;; OUT: Z flag = set if not null, reset if null
              	;; MOD:
              	;; ==================================================================
06EF:         	CLEAR:
06EF: DD2A290E	    LD      IX, (STACK_POINTER)
              	
06F3: DD7E01  	    LD      A, (IX +1)
06F6: DDB602  	    OR      (IX + 2)
              	
06F9: C9      	    RET
              	    
              	    .include "dictionary/CLEAR-SCREEN.asm"
              	;; ==========================================================
              	;; Clears the screen
              	;; IN:  -
              	;; OUT: -
              	;; MOD: C, E
              	;; ==========================================================
06FA:         	CLEAR_SCREEN
              	    .local
06FA: 110707  	    LD      DE, CLEAR_SCREEN_SEQ            ; content
06FD: 010700  	    LD      BC, CLEAR_SCREEN_SEQ_LEN        ; length
0700: CDFE08  	    CALL    push_string
              	
0703: CD0E07  	    CALL    DOT
              	
0706: C9      	    RET
              	
0707:         	CLEAR_SCREEN_SEQ     DEFL    $
0707: 1B      	    .byte   27
0708: 5B324A  	    .ascii  "[2J"
070B: 1B      	    .byte   27
070C: 5B48    	    .ascii  "[H"
              	
0007:         	CLEAR_SCREEN_SEQ_LEN .equ    $ - CLEAR_SCREEN_SEQ
              	    .endlocal
              	    
              	    .include "dictionary/DOT.asm"
              	;; ==========================================================
              	;; Prints the string that is on the stack
              	;; IN:
              	;; OUT:
              	;; MOD:
              	;; ==========================================================
070E:         	DOT
070E: 2A270E  	    LD      HL, (STACK_BASE)
0711: ED5B290E	    LD      DE, (STACK_POINTER)
0715: ED52    	    SBC     HL, DE
0717: 201A    	    JR      NZ, DOT_push_terminator
              	
              	    .local
0719: 112107  	    LD      DE, ERROR
071C: 0E09    	    LD      C, $09
071E: C30500  	    JP      $0005
              	
0721: 53746163	ERROR      DEFM    "Stack is empty.\n", "$"
0725: 6B206973	
0729: 20656D70	
072D: 74792E5C	
0731: 6E24    	
              	    .endlocal
              	
0733:         	DOT_push_terminator:
              	    .local
0733: 113E07  	    LD      DE, TERMINATOR                  ; content
0736: 010100  	    LD      BC, 0x01                        ; length
0739: CDFE08  	    CALL    push_string
073C: 1801    	    JR      DOT_concatenate
              	
073E: 24      	TERMINATOR DEFM    "$"
              	    .endlocal
              	
073F:         	DOT_concatenate:
073F: CD4B09  	    CALL    stack_concatenate
              	
0742:         	DOT_print:
0742: ED5B290E	    LD      DE, (STACK_POINTER)
0746: 13      	    INC     DE                              ; type byte
0747: 13      	    INC     DE                              ; length word
0748: 13      	    INC     DE
              	
0749: CD2501  	    CALL    bdos_print_string
              	
074C: CD1709  	    CALL    pop_stack
              	
074F: C9      	    RET
              	    
              	    .include "dictionary/HELP-PROMPT-TEXT.asm"
              	;; ==========================================================
              	;; Prints the initial greeting
              	;; IN:
              	;; OUT:
              	;; MOD:
              	;; ==========================================================
0750:         	HELP_PROMPT_TEXT
              	    .local
0750: 115A07  	    LD      DE, HELP_PROMPT_NL
0753: 012500  	    LD      BC, HELP_PROMPT_NL_LEN
0756: CDFE08  	    CALL    push_string
              	
0759: C9      	    RET
              	
075A: 54797065	HELP_PROMPT_NL     DEFM    "Type 'help' for A list of commands.", 10, 0
075E: 20276865	
0762: 6C702720	
0766: 666F7220	
076A: 41206C69	
076E: 7374206F	
0772: 6620636F	
0776: 6D6D616E	
077A: 64732E0A	
077E: 00      	
0025:         	HELP_PROMPT_NL_LEN .equ    $ - HELP_PROMPT_NL
              	
              	    .endlocal
              	    
              	    .include "dictionary/INLINE.asm"
              	;; ==========================================================
              	;; Prompts the user to input a line of text.  The line is
              	;; stored in the CURRENT_INPUT buffer.
              	;; IN:
              	;; OUT:
              	;; MOD:
              	;; ==========================================================
077F:         	INLINE:
077F: CDA607  	    CALL    PROMPT
0782: CDEC08  	    CALL    system_load_input_buffer
0785: CDB908  	    CALL    system_copy_input_to_current_input
              	
0788: C9      	    RET
              	    
              	    .include "dictionary/OK.asm"
              	;; ==========================================================
              	;; Outputs the OK response
              	;; IN:  -
              	;; OUT: -
              	;; MOD: DE, BC
              	;; ==========================================================
0789:         	OK
              	    .local
0789: 119607  	    LD      DE, OK_PROMPT                   ; content
078C: 010300  	    LD      BC, OK_PROMPT_LEN               ; length
078F: CDFE08  	    CALL    push_string
              	
0792: CD0E07  	    CALL    DOT
              	
0795: C9      	    RET
              	
0796: 6F6B0A  	OK_PROMPT     DEFM    "ok", ASCII_LF
              	
0003:         	OK_PROMPT_LEN .equ    $ - OK_PROMPT
              	    .endlocal
              	    
              	    .include "dictionary/PRINT-GREETING.asm"
              	;; ==========================================================
              	;; Prints the initial greeting
              	;; IN:
              	;; OUT:
              	;; MOD:
              	;; ==========================================================
0799:         	PRINT_GREETING
0799: CD6F08  	    CALL    WELCOME_TEXT
079C: CD0E07  	    CALL    DOT
079F: CD5007  	    CALL    HELP_PROMPT_TEXT
07A2: CD0E07  	    CALL    DOT
07A5: C9      	    RET
              	    
              	    .include "dictionary/PROMPT.asm"
              	;; ==========================================================
              	;; Outputs the input prompt
              	;; IN:  -
              	;; OUT: -
              	;; MOD: DE, BC
              	;; ==========================================================
07A6:         	PROMPT
              	    .local
07A6: 11B307  	    LD      DE, INPUT_PROMPT                ; content
07A9: 010200  	    LD      BC, INPUT_PROMPT_LEN            ; length
07AC: CDFE08  	    CALL    push_string
              	
07AF: CD0E07  	    CALL    DOT
              	
07B2: C9      	    RET
              	
07B3: 3E20    	INPUT_PROMPT     DEFM    "> "
              	
0002:         	INPUT_PROMPT_LEN .equ    $ - INPUT_PROMPT
              	    .endlocal
              	    
              	    .include "dictionary/RESET-STACK.asm"
              	;; ==========================================================
              	;; Resets the stack
              	;; IN:
              	;; OUT:
              	;; MOD:
              	;; ==========================================================
07B5:         	RESET_STACK
07B5: 210000  	    LD      HL, 0                           ; effectively load the SP value into HL
07B8: 39      	    ADD     HL, SP                          ; SP is from top of memory
              	
07B9: 010004  	    LD      BC, 0x0400                      ; allow 1K space for the stack
07BC: ED42    	    SBC     HL, BC
              	
07BE: 22270E  	    LD      (STACK_BASE), HL
07C1: 22290E  	    LD      (STACK_POINTER), HL
              	
07C4: C9      	    RET
              	    
              	    .include "dictionary/START.asm"
              	;; ==========================================================
              	;; Starts (or restarts) the system
              	;; IN:
              	;; OUT:
              	;; MOD:
              	;; ==========================================================
07C5:         	START:
07C5: CDB507  	    CALL    RESET_STACK
07C8: CDFA06  	    CALL    CLEAR_SCREEN
07CB: CD9907  	    CALL    PRINT_GREETING
              	
07CE: C9      	    RET
              	    
              	    .include "dictionary/TOKEN.asm"
              	;; ==================================================================
              	;; Extracts the token in CURRENT_INPUT, skipping leading whitespace,
              	;; and pushing it to the stack.  If no token is found then the stack
              	;; entry will have zero length.
              	;; IN:  -
              	;; OUT: -
              	;; MOD:
              	;; ==================================================================
07CF:         	TOKEN:
07CF: DD21CE0E	    LD      IX, CURRENT_INPUT_LEN
07D3: FD211E08	    LD      IY, CURRENT_TOKEN_LEN
              	
07D7: 211F08  	    LD      HL, CURRENT_TOKEN
07DA: 015000  	    LD      BC, CURRENT_INPUT_MAX_LEN
07DD: 3E00    	    LD      A, 0x00
07DF: FD360000	    LD      (IY), 0x00
07E3: CDE408  	    CALL    system_fill_memory
              	
07E6: 2AD00E  	    LD      HL, (CURRENT_INPUT_POS)
07E9: 111F08  	    LD      DE, CURRENT_TOKEN
              	
07EC:         	TOKEN_skip_whitespace:
07EC: DD7E01  	    LD      A, (IX + 1)                     ; CURRENT_INPUT_REMAINING_LEN
07EF: B7      	    OR      A
07F0: 281D    	    JR      Z, TOKEN_end_of_input
              	
07F2: 7E      	    LD      A, (HL)
              	
07F3: CD5B01  	    CALL    is_whitespace
07F6: 2006    	    JR      NZ, TOKEN_copy_token_loop
              	
07F8: 23      	    INC     HL
07F9: DD3501  	    DEC     (IX + 1)                        ; CURRENT_INPUT_REMAINING_LEN
              	
07FC: 18EE    	    JR      TOKEN_skip_whitespace
              	
07FE:         	TOKEN_copy_token_loop:
07FE: 12      	    LD      (DE), A                         ; CURRENT_TOKEN
07FF: FD3400  	    INC     (IY)                            ; CURRENT_TOKEN_LEN
              	
0802: 23      	    INC     HL                              ; CURRENT_INPUT_POS
0803: DD3501  	    DEC     (IX + 1)                        ; CURRENT_INPUT_REMAINING_LEN
0806: 2807    	    JR      Z, TOKEN_end_of_token
              	
0808: 13      	    INC     DE                              ; CURRENT_TOKEN
              	
0809: 7E      	    LD      A, (HL)                         ; load the next character
080A: CD5B01  	    CALL    is_whitespace
080D: 20EF    	    JR      NZ, TOKEN_copy_token_loop
              	
080F:         	TOKEN_end_of_input:
080F:         	TOKEN_end_of_token:
080F: 22D00E  	    LD      (CURRENT_INPUT_POS), HL
              	
0812:         	TOKEN_done:
0812: FD4E00  	    LD      C, (IY)                         ; CURRENT_INPUT_LEN
0815: 0600    	    LD      B, 0
0817: 111F08  	    LD      DE, CURRENT_TOKEN
081A: CDFE08  	    CALL    push_string
              	
081D: C9      	    RET
              	
081E: 00      	CURRENT_TOKEN_LEN DEFB    0
081F: 00000000	CURRENT_TOKEN     DEFS    (CURRENT_INPUT_MAX_LEN), 0
0823: 00...   	
              	    
              	    .include "dictionary/WELCOME-TEXT.asm"
              	;; ==========================================================
              	;; Pushes welcome text onto the stack
              	;; IN:
              	;; OUT:
              	;; MOD:
              	;; ==========================================================
086F:         	WELCOME_TEXT
              	    .local
086F: 117908  	    LD      DE, TEXT_GREETING_NL
0872: 011300  	    LD      BC, TEXT_GREETING_NL_LEN
0875: CDFE08  	    CALL    push_string
              	
0878: C9      	    RET
              	
0879: 57656C63	TEXT_GREETING_NL     DEFM    "Welcome to bforth2", 10
087D: 6F6D6520	
0881: 746F2062	
0885: 666F7274	
0889: 68320A  	
0013:         	TEXT_GREETING_NL_LEN .equ    $ - TEXT_GREETING_NL
              	
              	    .endlocal
              	    
              	
              	    .include "output/print.cpm.asm"
              	;; ==========================================================
              	;; Types a null-terminated string
              	;; IN:  DE=address of null-terminated string.  Can include
              	;;      embedded ASCII control characters and VT-52 codes.
              	;; OUT: -
              	;; MOD: C, A, HL, DE
              	;; ==========================================================
088C:         	print:
088C: 1A      	    LD      A, (DE)
088D: B7      	    OR      A
088E: C8      	    RET     Z                               ; nothing to print
              	
088F: 3E00    	    LD      A, $00                          ; null terminator
0891: 62      	    LD      H, D                            ; copy the start address in HL
0892: 6B      	    LD      L, E
              	
0893:         	print_find_null_terminator_loop:
0893: EDA1    	    CPI                                     ; compare (HL) to a null terminator
0895: 20FC    	    JR      NZ, print_find_null_terminator_loop
              	
0897: 2B      	    DEC     HL                              ; replace the null with the CPM terminator
0898: 3E24    	    LD      A, '$'
089A: 77      	    LD      (HL), A
              	
089B: E5      	    PUSH    HL                              ; cache the address of the end of the string
              	
089C: 0E09    	    LD      C, $09                          ; invoke the CPM print method
089E: CD0500  	    CALL    $0005
              	
08A1: E1      	    POP     HL                              ; restore HL and put the null terminator back
08A2: 3E00    	    LD      A, $00
08A4: 77      	    LD      (HL), A
              	
08A5: C9      	    RET
              	    
              	    .include "output/print-char.cpm.asm"
              	;; ==========================================================
              	;; Types a null-terminated string
              	;; IN:  A - character.  Can include
              	;;      embedded ASCII control characters and VT-52 codes.
              	;; OUT: -
              	;; MOD: C, E
              	;; ==========================================================
08A6:         	print_char:
08A6: 5F      	    LD      E, A
08A7: 0E02    	    LD      C, F_CONSOLE_OUT
08A9: CD0500  	    CALL    BDOS
              	
08AC: C9      	    RET
              	    
              	
              	    .include "system/system-clear-input-buffer.asm"
              	;; ==========================================================
              	;; Zeroes the input buffer
              	;; IN:  -
              	;; OUT: -
              	;; MOD: A, DE, HL, BC
              	;; ==========================================================
08AD:         	system_clear_input_buffer
08AD: 212D0E  	    LD      HL, INPUT_BUFFER
08B0: 015000  	    LD      BC, INPUT_BUFFER_MAX_LEN
08B3: 3E00    	    LD      A, 0x00
              	
08B5: CDE408  	    CALL    system_fill_memory
              	
08B8: C9      	    RET
              	    
              	    .include "system/system-copy-input-buffer-to-current-input.asm"
              	;; ==========================================================
              	;; Copies the input buffer to the current input
              	;; IN:  -
              	;; OUT: -
              	;; MOD: A, DE, HL, BC
              	;; ==========================================================
08B9:         	system_copy_input_to_current_input:
08B9: 217E0E  	    LD      HL, CURRENT_INPUT
08BC: 015000  	    LD      BC, CURRENT_INPUT_MAX_LEN
08BF: 3E00    	    LD      A, 0x00
08C1: CDE408  	    CALL    system_fill_memory
              	
08C4: DD21CE0E	    LD      IX, CURRENT_INPUT_LEN
              	
08C8: 212D0E  	    LD      HL, INPUT_BUFFER                ; source
08CB: 117E0E  	    LD      DE, CURRENT_INPUT               ; destination
08CE: ED53D00E	    LD      (CURRENT_INPUT_POS), DE
              	
08D2: 3A2C0E  	    LD      A, (INPUT_BUFFER_COUNT)         ; count
              	
08D5: 0600    	    LD      B, 0x00
08D7: 4F      	    LD      C, A
08D8: DD7100  	    LD      (IX), C                         ; CURRENT_INPUT_LEN
08DB: DD7101  	    LD      (IX+1), C                       ; CURRENT_INPUT_REMAINING_LEN
              	
08DE: B7      	    OR      A                               ; skip if nothing was input
08DF: 2802    	    JR      Z, system_copy_input_to_current_input_done
              	
08E1: EDB0    	    LDIR                                    ; copy
              	
08E3:         	system_copy_input_to_current_input_done:
08E3: C9      	    RET
              	    
              	    .include "system/system-fill-memory.asm"
              	;; ===============================================================
              	;; Fills a block of memory with a byte
              	;; IN:  A  - byte
              	;;      HL - start address
              	;;      BC - number of bytes
              	;; OUT: HL - address of last byte filled
              	;;      DE - address of first byte following the last byte filled
              	;;      BC - 0x00
              	;; MOD: DE, HL, BC
              	;; ===============================================================
08E4:         	system_fill_memory:
08E4: 77      	    LD      (HL), A                         ; set the first location
08E5: 0B      	    DEC     BC
              	
08E6: 54      	    LD      D, H                            ; set the next location as the destination
08E7: 5D      	    LD      E, L
08E8: 13      	    INC     DE
              	
08E9: EDB0    	    LDIR                                    ; fill location, increment address, decrement counter
              	
08EB: C9      	    RET
              	    
              	    .include "system/system-load-input-buffer.asm"
              	;; ==========================================================
              	;; Loads the input buffer until CR is pressed or the buffer
              	;; is full.  clear_input_buffer is called first to clear the
              	;; buffer.
              	;; IN:  -
              	;; OUT: -
              	;; MOD: A, DE
              	;; ==========================================================
08EC:         	system_load_input_buffer
08EC: CDAD08  	    CALL    system_clear_input_buffer
              	
08EF: 112B0E  	    LD      DE, INPUT_BUFFER_SIZE
08F2: 3E50    	    LD      A, INPUT_BUFFER_MAX_LEN
08F4: 12      	    LD      (DE), A
              	
08F5: CD1901  	    CALL    bdos_line_input
              	
              	; echo a LF since BDOS doesn't
08F8: 1E0A    	    LD      E, ASCII_LF
08FA: CD1F01  	    CALL    bdos_print_char
              	
08FD: C9      	    RET
              	    
              	
              	    .include "stack/data-types.asm"
0001:         	STACK_STRING_TYPE   .equ    0x01
              	    
              	    .include "stack/push-string.asm"
              	;; ==========================================================
              	;; Pushes a string to the stack
              	;; IN:  DE = address of string.  Can include embedded ASCII
              	;;           control characters and VT-52 codes.
              	;;      BC = number of characters
              	;; OUT:
              	;; MOD: HL, DE, BC
              	;; ==========================================================
08FE:         	push_string:
08FE: 2A290E  	    LD      HL, (STACK_POINTER)
0901: ED42    	    SBC     HL, BC
              	
0903: 2B      	    DEC     HL                              ; 2 bytes for length
0904: 2B      	    DEC     HL
0905: 2B      	    DEC     HL                              ; 1 byte for type
              	
0906: 22290E  	    LD      (STACK_POINTER), HL
              	
0909: 3601    	    LD      (HL), STACK_STRING_TYPE
090B: 23      	    INC     HL
              	
090C: 71      	    LD      (HL), C
090D: 23      	    INC     HL
090E: 70      	    LD      (HL), B
090F: 23      	    INC     HL
              	
0910: 78      	    LD      A, B
0911: B1      	    OR      C
0912: C8      	    RET     Z                               ; zero-length string
              	
0913: EB      	    EX      DE, HL
0914: EDB0    	    LDIR
              	
0916: C9      	    RET
              	    
              	    .include "stack/pop-stack.asm"
              	;; ==========================================================
              	;; Pops the top item from the stack
              	;; IN:
              	;; OUT:
              	;; MOD:
              	;; ==========================================================
0917:         	pop_stack:
0917: 2A270E  	    LD      HL, (STACK_BASE)
091A: ED5B290E	    LD      DE, (STACK_POINTER)
091E: ED52    	    SBC     HL, DE
0920: 201A    	    JR      NZ, pop_stack_execute
              	
              	    .local
0922: 112A09  	    LD      DE, ERROR
0925: 0E09    	    LD      C, $09
0927: C30500  	    JP      $0005
              	
092A: 53746163	ERROR               DEFM    "Stack is empty.\n", "$"
092E: 6B206973	
0932: 20656D70	
0936: 74792E5C	
093A: 6E24    	
              	    .endlocal
              	
093C:         	pop_stack_execute:
093C: 2A290E  	    LD      HL, (STACK_POINTER)
093F: 23      	    INC     HL                              ; skip the type
              	
0940: 4E23462B	    LD      BC, (HL)                        ; load the string length
0944: 23      	    INC     HL
0945: 23      	    INC     HL
              	
0946: 09      	    ADD     HL, BC                          ; calculate location after the string
              	
0947: 22290E  	    LD      (STACK_POINTER), HL             ; update the stack pointer
              	
094A: C9      	    RET
              	    
              	    .include "stack/stack-concatenate.asm"
              	;; ===============================================================
              	;; Concatenates the two strings on the stack, replacing them with
              	;; the concatenation
              	;; IN:
              	;; OUT:
              	;; MOD:
              	;; ===============================================================
094B:         	stack_concatenate:
094B: 2A270E  	    LD      HL, (STACK_BASE)
094E: ED5B290E	    LD      DE, (STACK_POINTER)
0952: ED52    	    SBC     HL, DE
0954: 201A    	    JR      NZ, stack_concatenate_execute
              	
              	    .local
0956: 115E09  	    LD      DE, ERROR
0959: 0E09    	    LD      C, $09
095B: C30500  	    JP      $0005
              	
095E: 53746163	ERROR               DEFM    "Stack is empty.\n", "$"
0962: 6B206973	
0966: 20656D70	
096A: 74792E5C	
096E: 6E24    	
              	    .endlocal
              	
0970:         	stack_concatenate_execute:
0970: DD2A290E	    LD      IX, (STACK_POINTER)             ; second string
              	
0974: 2A290E  	    LD      HL, (STACK_POINTER)
0977: DD4E01  	    LD      BC, (IX + 1)                    ; string length
097A: DD4602  	
097D: 09      	    ADD     HL, BC
              	
097E: 010300  	    LD      BC, 0x0003                      ; header length
0981: 09      	    ADD     HL, BC
              	
0982: E5      	    PUSH    HL
0983: FDE1    	    POP     IY                              ; first string
              	
              	; destination for new string (points to its end)
0985: ED5B290E	    LD      DE, (STACK_POINTER)
0989: 1B      	    DEC     DE
              	
              	; copy the second word
098A: DD4E01  	    LD      BC, (IX + 1)                    ; count
098D: DD4602  	
0990: DDE5    	    PUSH    IX                              ; source: needs to point to the last character
0992: E1      	    POP     HL
0993: 09      	    ADD     HL, BC
0994: 23      	    INC     HL
0995: 23      	    INC     HL
              	
0996: EDB8    	    LDDR                                    ; copy first word down.  DE is now the end location for the second word
              	
              	; destination: the DE from previous LDDR
0998: FD4E01  	    LD      BC, (IY + 1)                    ; count
099B: FD4602  	
099E: FDE5    	    PUSH    IY                              ; source:  needs to point to the last character
09A0: E1      	    POP     HL
09A1: 09      	    ADD     HL, BC
09A2: 23      	    INC     HL
09A3: 23      	    INC     HL
              	
09A4: EDB8    	    LDDR                                    ; copy second word down
              	
09A6: 13      	    INC     DE                              ; point to the start of the new string
              	
09A7: DD6E01  	    LD      HL, (IX + 1)
09AA: DD6602  	
09AD: FD4E01  	    LD      BC, (IY + 1)
09B0: FD4602  	
09B3: 09      	    ADD     HL, BC
09B4: 444D    	    LD      BC, HL                          ; combined length
              	
09B6: D9      	    EXX
09B7: CD1709  	    CALL    pop_stack
09BA: CD1709  	    CALL    pop_stack
09BD: D9      	    EXX
              	
09BE: CDFE08  	    CALL    push_string
              	
09C1: C9      	    RET
              	    
              	
              	    .include "command-processor/process-current-input.asm"
              	;; ==================================================================
              	;; Parses the initial token in CURRENT_INPUT as the command and
              	;; executes it if identified otherwise returns.  The executed command
              	;; will also return.
              	;; IN:  -
              	;; OUT: B  = number of characters
              	;;      HL = address of first non-COMMAND
              	;;           character in CURRENT_INPUT
              	;; MOD: A, B, DE, HL
              	;; ==================================================================
09C2:         	process_current_input:
              	;; CALL    parse_token                    ; parse command (copy to CURRENT_TOKEN, upper-case it, determine length)
              	
09C2: 211F08  	    LD      HL, CURRENT_TOKEN
09C5: 3A1E08  	    LD      A, (CURRENT_TOKEN_LEN)
09C8: B7      	    OR      A
09C9: 2817    	    JR      Z, process_current_input_done
              	
09CB: 47      	    LD      B, A
09CC: CD7004  	    CALL    to_uppercase
              	
09CF: CDE309  	    CALL    find_command_method_address
              	
09D2: 280D    	    JR      Z, process_current_input_command_recognized
              	
09D4:         	process_current_input_command_not_recognized:
09D4: 111F08  	    LD      DE, CURRENT_TOKEN
09D7: CD8C08  	    CALL    print
09DA: 112F01  	    LD      DE, INPUT_NOT_RECOGNIZED_NL
09DD: CD8C08  	    CALL    print
09E0: C9      	    RET
              	
09E1:         	process_current_input_command_recognized:
              	; execute command if found (JP (HL), target will RET)
09E1: E9      	    JP      HL
              	
09E2:         	process_current_input_done:
09E2: C9      	    RET
              	
              	    .include "find-command-method-address.asm"
              	;; ==================================================================
              	;; Finds the command in CURRENT_COMMAND in the command list.
              	;; IN:  -
              	;; OUT: HL = address of command method
              	;;      Z = set if command found (NZ if not found)
              	;; MOD: A, B, C, HL, DE, IX
              	;; ==========================================================
09E3:         	find_command_method_address:
09E3: DD218D04	    LD      IX, COMMAND_LIST
09E7: 3A1E08  	    LD      A, (CURRENT_TOKEN_LEN)
09EA: 47      	    LD      B, A
              	
09EB:         	find_command_method_address_check_command:
09EB: DD7E02  	    LD      A, (IX + COMMAND_KEYWORD_LEN)
09EE: B7      	    OR      A                               ; if 0, then end of list reached
09EF: 282B    	    JR      Z, find_command_method_address_not_found
              	
09F1: B8      	    CP      B                               ; if the length differs, move to the next command
09F2: 200E    	    JR      NZ, find_command_method_address_next_command
              	
09F4:         	find_command_method_address_compare:
09F4: DD6E03  	    LD      HL, (IX + COMMAND_KEYWORD)
09F7: DD6604  	
09FA: 111F08  	    LD      DE, CURRENT_TOKEN
09FD: 48      	    LD      C, B                            ; number of characters
              	
09FE:         	find_command_method_address_compare_loop:
09FE: 1A      	    LD      A, (DE)
09FF: BE      	    CP      (HL)
0A00: 280B    	    JR      Z, find_command_method_address_compare_next_character
              	
0A02:         	find_command_method_address_next_command:
0A02: DD6E00  	    LD      HL, (IX + COMMAND_NEXT_COMMAND)
0A05: DD6601  	
0A08: E5      	    PUSH    HL
0A09: DDE1    	    POP     IX
0A0B: 18DE    	    JR      find_command_method_address_check_command
              	
0A0D:         	find_command_method_address_compare_next_character:
0A0D: 23      	    INC     HL
0A0E: 13      	    INC     DE
0A0F: 0D      	    DEC     C                               ; move to next character
0A10: 20EC    	    JR      NZ, find_command_method_address_compare_loop
              	
0A12:         	find_command_method_address_found:          ; all characters have matched
0A12: DD6E09  	    LD      HL, (IX + COMMAND_METHOD_ADDRESS)
0A15: DD660A  	
0A18: 3E00    	    LD      A, $00
0A1A: B7      	    OR      A                               ; clears the Z flag
0A1B: C9      	    RET
              	
0A1C:         	find_command_method_address_not_found:
0A1C: 3E01    	    LD      A, $01
0A1E: B7      	    OR      A                               ; sets the Z flag
              	
0A1F: C9      	    RET
              	    
              	    
              	;;    .include "command-processor/parse-token.asm"
              	    .include "command-processor/commands/help-command.asm"
              	;; ==================================================================
              	;; Displays help.
              	;; IN:  -
              	;; OUT: -
              	;; MOD: A, DE, HL, IX
              	;; ==================================================================
0A20:         	help_command:
0A20: 114801  	    LD      DE, NOT_IMPLEMENTED_NL
0A23: C38C08  	    JP      print
              	
0A26: 2AD00E  	    LD      HL, (CURRENT_INPUT_POS)         ; check that no further input was specified
0A29: 7E      	    LD      A, (HL)
0A2A: B7      	    OR      A
0A2B: 2807    	    JR      Z, help_command_execute
              	
0A2D:         	help_command_syntax_error:
0A2D: 113801  	    LD      DE, SYNTAX_ERROR_NL
0A30: CD8C08  	    CALL    print
              	
0A33: C9      	    RET
              	
0A34:         	help_command_execute:
0A34: DD218D04	    LD      IX, COMMAND_LIST
              	
0A38:         	help_command_loop:
0A38: DD7E02  	    LD      A, (IX + COMMAND_KEYWORD_LEN)
0A3B: B7      	    OR      A                               ; if 0, then end of list reached
0A3C: 2829    	    JR      Z, help_command_done
              	
0A3E: DD5E05  	    LD      DE, (IX + COMMAND_SYNTAX)
0A41: DD5606  	
0A44: CD8C08  	    CALL    print
              	
0A47: 113401  	    LD      DE, HELP_SYNTAX_DESCRIPTION_DELIMITER
0A4A: CD8C08  	    CALL    print
              	
0A4D: DD5E07  	    LD      DE, (IX + COMMAND_DESCRIPTION)
0A50: DD5608  	
0A53: CD8C08  	    CALL    print
              	
0A56: 113201  	    LD      DE, NEW_LINE
0A59: CD8C08  	    CALL    print
              	
0A5C:         	help_command_next_command:
0A5C: DD6E00  	    LD      HL, (IX + COMMAND_NEXT_COMMAND)
0A5F: DD6601  	
0A62: E5      	    PUSH    HL
0A63: DDE1    	    POP     IX
0A65: 18D1    	    JR      help_command_loop
              	
0A67:         	help_command_done:
0A67: 112B01  	    LD      DE, INPUT_OK_NL
0A6A: CD8C08  	    CALL    PRINT
              	
0A6D: C9      	    RET
              	    
              	    .include "command-processor/commands/add-command.asm"
              	;; ==================================================================
              	;; Adds a word to the word list.
              	;; IN:  -
              	;; OUT: -
              	;; MOD: A, DE, HL, IX
              	;; ==================================================================
0A6E:         	add_command:
0A6E: 114801  	    LD      DE, NOT_IMPLEMENTED_NL
0A71: C38C08  	    JP      print
              	
              	;; CALL    parse_token
              	
0A74: 78      	    LD      A, B                            ; check if a word was specified
0A75: B7      	    OR      A
0A76: 283D    	    JR      Z, add_command_syntax_error
              	
0A78: 2AD00E  	    LD      HL, (CURRENT_INPUT_POS)         ; check that no further input was specified
0A7B: 7E      	    LD      A, (HL)
0A7C: B7      	    OR      A
0A7D: 2036    	    JR      NZ, add_command_syntax_error
              	
0A7F:         	add_command_write_word_text:
0A7F: DD2A610F	    LD      IX, (WORD_LIST_NEXT)
              	
0A83: 78      	    LD      A, B                            ; write the number of characters (excludes the null terminator)
0A84: DD7700  	    LD      (IX + 0), A
              	
0A87: 2A5F0F  	    LD      HL, (WORD_LIST_HEAD)            ; write the new entry to point to the previous entry
0A8A: DD7501  	    LD      (IX + 1), HL
0A8D: DD7402  	
              	
0A90: C5      	    PUSH    BC                              ; save the number of characters value that's in B
              	
0A91: 2A610F  	    LD      HL, (WORD_LIST_NEXT)            ; location for the new word
0A94: 110500  	    LD      DE, 5                           ; offset HL to the location to write the word itself
0A97: 19      	    ADD     HL, DE
              	
0A98: DD7503  	    LD      (IX + 3), HL                    ; update the header with the location where the text will be copied to
0A9B: DD7404  	
              	
0A9E: EB      	    EX      DE, HL                          ; update DE to be the destination pointed to by HL
0A9F: 211F08  	    LD      HL, CURRENT_TOKEN               ; HL is the source
              	
0AA2: 48      	    LD      C, B
0AA3: 0600    	    LD      B, 0x00
0AA5: 03      	    INC     BC                              ; copy the null terminated, too
              	
0AA6: EDB0    	    LDIR                                    ; write the word, DE will be the new WORD_LIST_NEXT value
              	
0AA8: C1      	    POP     BC                              ; restore the number of characters value in B
              	
0AA9:         	add_command_update_word_list_pointers:
0AA9: 2A610F  	    LD      HL, (WORD_LIST_NEXT)            ; the head is now what was previously the next location
0AAC: 225F0F  	    LD      (WORD_LIST_HEAD), HL
0AAF: ED53610F	    LD      (WORD_LIST_NEXT), DE            ; the next location is now where DE ended up
              	
0AB3: 1807    	    JR      add_command_done
              	
0AB5:         	add_command_syntax_error:
0AB5: 113801  	    LD      DE, SYNTAX_ERROR_NL
0AB8: CD8C08  	    CALL    print
              	
0ABB: C9      	    RET
              	
0ABC:         	add_command_done:
0ABC: 112B01  	    LD      DE, INPUT_OK_NL
0ABF: CD8C08  	    CALL    PRINT
              	
0AC2: C9      	    RET
              	    
              	    .include "command-processor/commands/find-command.asm"
              	;; ==================================================================
              	;; Finds a word in the word list.
              	;; IN:  -
              	;; OUT: -
              	;; MOD: A, DE, HL, IX
              	;; ==================================================================
0AC3:         	find_command:
0AC3: 114801  	    LD      DE, NOT_IMPLEMENTED_NL
0AC6: C38C08  	    JP      print
              	
              	;; CALL    parse_token
              	
0AC9: 78      	    LD      A, B                            ; check if a word was specified
0ACA: B7      	    OR      A
0ACB: 2834    	    JR      Z, find_command_syntax_error
              	
0ACD: 2AD00E  	    LD      HL, (CURRENT_INPUT_POS)         ; check that no further input was specified
0AD0: 7E      	    LD      A, (HL)
0AD1: B7      	    OR      A
0AD2: 202D    	    JR      NZ, find_command_syntax_error
              	
0AD4:         	find_command_execute:
0AD4: DD2A5F0F	    LD      IX, (WORD_LIST_HEAD)
              	
0AD8:         	find_command_loop:
0AD8: DD7E00  	    LD      A, (IX + 0)                     ; load the length of the word
0ADB: B7      	    OR      A                               ; if 0, then end of list reached
0ADC: 2840    	    JR      Z, find_command_word_not_found
              	
0ADE: B8      	    CP      B
0ADF: 2015    	    JR      NZ, find_command_next_word      ; different length, so on to the next one
              	
0AE1: 211F08  	    LD      HL, CURRENT_TOKEN               ; the word to find
0AE4: DD5E03  	    LD      E, (IX + 3)                     ; the current word
0AE7: DD5604  	    LD      D, (IX + 4)
              	
0AEA: 48      	    LD      C, B                            ; the number of characters
0AEB:         	find_command_loop_match_character:
0AEB: 1A      	    LD      A, (DE)
0AEC: BE      	    CP      (HL)
0AED: 2007    	    JR      NZ, find_command_next_word
              	
0AEF: 23      	    INC     HL
0AF0: 13      	    INC     DE
              	
0AF1: 05      	    DEC     B
0AF2: 20F7    	    JR      NZ, find_command_loop_match_character
              	
0AF4: 1812    	    JR      find_command_word_found
              	
0AF6:         	find_command_next_word:
0AF6: DD5E01  	    LD      E, (IX + 1)                     ; load the address of the next word
0AF9: DD5602  	    LD      D, (IX + 2)
0AFC: D5      	    PUSH    DE
0AFD: DDE1    	    POP     IX                              ; update IX to point to the next word
0AFF: 18D7    	    JR      find_command_loop
              	
0B01:         	find_command_syntax_error:
0B01: 113801  	    LD      DE, SYNTAX_ERROR_NL
0B04: CD8C08  	    CALL    print
              	
0B07: C9      	    RET
              	
0B08:         	find_command_word_found
              	    .local
0B08: 11110B  	    LD      DE, MESSAGE
0B0B: CD8C08  	    CALL    PRINT
0B0E: C3380B  	    JP      find_command_done
              	
0B11: 576F7264	MESSAGE DEFM    "Word found.", 10, 0
0B15: 20666F75	
0B19: 6E642E0A	
0B1D: 00      	
              	    .endlocal
              	
0B1E:         	find_command_word_not_found
              	    .local
0B1E: 11270B  	    LD      DE, MESSAGE
0B21: CD8C08  	    CALL    PRINT
0B24: C3380B  	    JP      find_command_done
              	
0B27: 576F7264	MESSAGE DEFM    "Word not found.", 10, 0
0B2B: 206E6F74	
0B2F: 20666F75	
0B33: 6E642E0A	
0B37: 00      	
              	    .endlocal
              	
0B38:         	find_command_done:
0B38: 112B01  	    LD      DE, INPUT_OK_NL
0B3B: CD8C08  	    CALL    PRINT
              	
0B3E: C9      	    RET
              	    
              	    .include "command-processor/commands/remove-command.asm"
              	;; ==================================================================
              	;; Removes the last added word from the word list.
              	;; IN:  -
              	;; OUT: -
              	;; MOD: A, DE, HL, IX
              	;; ==================================================================
0B3F:         	remove_command:
0B3F: 114801  	    LD      DE, NOT_IMPLEMENTED_NL
0B42: C38C08  	    JP      print
              	
0B45: 2AD00E  	    LD      HL, (CURRENT_INPUT_POS)         ; check that no further input was specified
0B48: 7E      	    LD      A, (HL)
0B49: B7      	    OR      A
0B4A: 2019    	    JR      NZ, remove_command_syntax_error
              	
0B4C: 2A5F0F  	    LD      HL, (WORD_LIST_HEAD)
0B4F: 7E      	    LD      A, (HL)
0B50: B7      	    OR      A
0B51: 2819    	    JR      Z, remove_command_word_list_is_empty
              	
0B53:         	remove_command_execute:
0B53: 22610F  	    LD      (WORD_LIST_NEXT), HL            ; the previous word becomes the head
              	
0B56: DD215F0F	    LD      IX, WORD_LIST_HEAD
0B5A: DD6E01  	    LD      HL, (IX+1)                      ; HL = address of previous word
0B5D: DD6602  	
0B60: 225F0F  	    LD      (WORD_LIST_HEAD), HL
              	
0B63: 1825    	    JR      remove_command_done
              	
0B65:         	remove_command_syntax_error:
0B65: 113801  	    LD      DE, SYNTAX_ERROR_NL
0B68: CD8C08  	    CALL    print
              	
0B6B: C9      	    RET
              	
0B6C:         	remove_command_word_list_is_empty:
              	    .local
0B6C: 11750B  	    LD      DE, MESSAGE
0B6F: CD8C08  	    CALL    PRINT
0B72: C3380B  	    JP      find_command_done
              	
0B75: 576F7264	MESSAGE             DEFM    "Word list is empty.", 10, 0
0B79: 206C6973	
0B7D: 74206973	
0B81: 20656D70	
0B85: 74792E0A	
0B89: 00      	
              	    .endlocal
              	
0B8A:         	remove_command_done:
0B8A: 112B01  	    LD      DE, INPUT_OK_NL
0B8D: CD8C08  	    CALL    PRINT
              	
0B90: C9      	    RET
              	    
              	    .include "command-processor/commands/dump-command.asm"
              	;; ==================================================================
              	;; Dumps a listing of all the words in the word list.
              	;; IN:  -
              	;; OUT: -
              	;; MOD: A, DE, HL, IX
              	;; ==================================================================
0B91:         	dump_command:
0B91: 114801  	    LD      DE, NOT_IMPLEMENTED_NL
0B94: C38C08  	    JP      print
              	
0B97: 2AD00E  	    LD      HL, (CURRENT_INPUT_POS)         ; check that no further input was specified
0B9A: 7E      	    LD      A, (HL)
0B9B: B7      	    OR      A
0B9C: 2807    	    JR      Z, dump_command_execute
              	
0B9E:         	dump_command_syntax_error:
0B9E: 113801  	    LD      DE, SYNTAX_ERROR_NL
0BA1: CD8C08  	    CALL    print
              	
0BA4: C9      	    RET
              	
0BA5:         	dump_command_execute:
0BA5: DD2A5F0F	    LD      IX, (WORD_LIST_HEAD)
              	
0BA9:         	dump_command_loop:
0BA9: DD7E00  	    LD      A, (IX + 0)                     ; load the length of the word
0BAC: B7      	    OR      A                               ; if 0, then end of list reached
0BAD: 281A    	    JR      Z, dump_command_done
              	
0BAF: DD5E03  	    LD      E, (IX + 3)                     ; print out the word
0BB2: DD5604  	    LD      D, (IX + 4)
0BB5: CD8C08  	    CALL    print
              	
0BB8: 113201  	    LD      DE, NEW_LINE
0BBB: CD8C08  	    CALL    print
              	
0BBE:         	dump_command_next_command:
0BBE: DD5E01  	    LD      E, (IX + 1)                     ; load the address of the next word and put it on the stack
0BC1: DD5602  	    LD      D, (IX + 2)
0BC4: D5      	    PUSH    DE
0BC5: DDE1    	    POP     IX                              ; next word
0BC7: 18E0    	    JR      dump_command_loop
              	
0BC9:         	dump_command_done:
0BC9: 112B01  	    LD      DE, INPUT_OK_NL
0BCC: CD8C08  	    CALL    PRINT
              	
0BCF: C9      	    RET
              	    
              	    .include "command-processor/commands/checkpoint-command.asm"
              	;; ==================================================================
              	;; Creates a checkpoint of the head of the word list.
              	;; IN:  -
              	;; OUT: -
              	;; MOD: A, DE, HL, IX
              	;; ==================================================================
0BD0:         	checkpoint_command:
0BD0: 114801  	    LD      DE, NOT_IMPLEMENTED_NL
0BD3: C38C08  	    JP      print
              	
0BD6: 2AD00E  	    LD      HL, (CURRENT_INPUT_POS)         ; check that no further input was specified
0BD9: 7E      	    LD      A, (HL)
0BDA: B7      	    OR      A
0BDB: 2807    	    JR      Z, checkpoint_command_execute
              	
0BDD:         	checkpoint_command_syntax_error:
0BDD: 113801  	    LD      DE, SYNTAX_ERROR_NL
0BE0: CD8C08  	    CALL    print
              	
0BE3: C9      	    RET
              	
0BE4:         	checkpoint_command_execute:
0BE4: 2A5F0F  	    LD      HL, (WORD_LIST_HEAD)
0BE7: 22630F  	    LD      (WORD_LIST_CHECKPOINT_HEAD), HL
0BEA: 2A610F  	    LD      HL, (WORD_LIST_NEXT)
0BED: 22650F  	    LD      (WORD_LIST_CHECKPOINT_NEXT), HL
              	
0BF0:         	checkpoint_command_done:
0BF0: 112B01  	    LD      DE, INPUT_OK_NL
0BF3: CD8C08  	    CALL    PRINT
              	
0BF6: C9      	    RET
              	    
              	    .include "command-processor/commands/rollback-command.asm"
              	;; ==================================================================
              	;; Restores the word list head to the checkpoint position.
              	;; IN:  -
              	;; OUT: -
              	;; MOD: A, DE, HL, IX
              	;; ==================================================================
0BF7:         	rollback_command:
0BF7: 114801  	    LD      DE, NOT_IMPLEMENTED_NL
0BFA: C38C08  	    JP      print
              	
0BFD: 2AD00E  	    LD      HL, (CURRENT_INPUT_POS)         ; check that no further input was specified
0C00: 7E      	    LD      A, (HL)
0C01: B7      	    OR      A
0C02: 203E    	    JR      NZ, rollback_command_syntax_error
              	
0C04: 3E00    	    LD      A, 0                            ; check if a checkpoint has been set (i.e., it's non-zero)
              	
0C06: 21630F  	    LD      HL, WORD_LIST_CHECKPOINT_HEAD
0C09: B6      	    OR      A, (HL)
0C0A: 2004    	    JR      NZ, rollback_command_execute
              	
0C0C: 23      	    INC     HL
0C0D: B6      	    OR      A, (HL)
0C0E: 2817    	    JR      Z, rollback_command_no_checkpoint
              	
0C10:         	rollback_command_execute:
0C10: 2A630F  	    LD      HL, (WORD_LIST_CHECKPOINT_HEAD)
0C13: 225F0F  	    LD      (WORD_LIST_HEAD), HL
0C16: 2A650F  	    LD      HL, (WORD_LIST_CHECKPOINT_NEXT)
0C19: 22610F  	    LD      (WORD_LIST_NEXT), HL
              	
0C1C: 210000  	    LD      HL, 0x000                       ; clear the checkpoint
0C1F: 22630F  	    LD      (WORD_LIST_CHECKPOINT_HEAD), HL
0C22: 22650F  	    LD      (WORD_LIST_CHECKPOINT_NEXT), HL
              	
0C25: 1822    	    JR      rollback_command_done
              	
0C27:         	rollback_command_no_checkpoint:
              	    .local
0C27: 112E0C  	    LD      DE, MESSAGE
0C2A: CD8C08  	    CALL    print
0C2D: C9      	    RET
              	
0C2E: 4E6F2063	MESSAGE:            DEFM    "No checkpoint set.", 10, 0
0C32: 6865636B	
0C36: 706F696E	
0C3A: 74207365	
0C3E: 742E0A00	
              	    .endlocal
              	
0C42:         	rollback_command_syntax_error:
0C42: 113801  	    LD      DE, SYNTAX_ERROR_NL
0C45: CD8C08  	    CALL    print
              	
0C48: C9      	    RET
              	
0C49:         	rollback_command_done:
0C49: 112B01  	    LD      DE, INPUT_OK_NL
0C4C: CD8C08  	    CALL    PRINT
              	
0C4F: C9      	    RET
              	    
              	    .include "command-processor/commands/clear-command.asm"
              	;; ==================================================================
              	;; Clears all the words from the word list.
              	;; IN:  -
              	;; OUT: -
              	;; MOD: A, DE, HL, IX
              	;; ==================================================================
0C50:         	clear_command:
0C50: 114801  	    LD      DE, NOT_IMPLEMENTED_NL
0C53: C38C08  	    JP      print
              	
0C56: 2AD00E  	    LD      HL, (CURRENT_INPUT_POS)         ; check that no further input was specified
0C59: 7E      	    LD      A, (HL)
0C5A: B7      	    OR      A
0C5B: 2807    	    JR      Z, clear_command_execute
              	
0C5D:         	clear_command_syntax_error:
0C5D: 113801  	    LD      DE, SYNTAX_ERROR_NL
0C60: CD8C08  	    CALL    print
              	
0C63: C9      	    RET
              	
0C64:         	clear_command_execute:
0C64: DD215F0F	    LD      IX, WORD_LIST_HEAD
0C68: 21670F  	    LD      HL, WORD_LIST_END
0C6B: DD7500  	    LD      (IX), HL
0C6E: DD7401  	
              	
0C71: DD21610F	    LD      IX, WORD_LIST_NEXT
0C75: 23      	    INC     HL
0C76: DD7500  	    LD      (IX), HL
0C79: DD7401  	
              	
0C7C:         	clear_command_done:
0C7C: 112B01  	    LD      DE, INPUT_OK_NL
0C7F: CD8C08  	    CALL    PRINT
              	
0C82: C9      	    RET
              	    
              	    .include "command-processor/commands/load-command.asm"
              	;; ==================================================================
              	;; Loads a word list from a file, with the expectation of one word
              	;; per line ending with CRLF
              	;; IN:  -
              	;; OUT: -
              	;; MOD: A, DE, HL, IX
              	;; ==================================================================
0C83:         	load_command:
0C83: 114801  	    LD      DE, NOT_IMPLEMENTED_NL
0C86: C38C08  	    JP      print
              	
0C89: CD6E01  	    CALL    parse_file_name
              	
0C8C: B7      	    OR      A
0C8D: C2580D  	    JP      NZ, load_command_failed         ; error
              	
0C90:         	load_command_execute:
0C90: CDE801  	    CALL    load_file_prepare
0C93: B7      	    OR      A
0C94: C2580D  	    JP      NZ, load_command_failed         ; error
              	
0C97:         	load_command_fetch_first_buffer:
0C97: CD0B03  	    CALL    load_file_fetch
              	
0C9A: B7      	    OR      A                               ; check if nothing loaded
0C9B: C2590D  	    JP      NZ, load_command_EOF
              	
0C9E: 3ADD0E  	    LD      A, (LOAD_FILE_BUFFER)
              	
0CA1: B7      	    OR      A                               ; check if first character is a null
0CA2: CA590D  	    JP      Z, load_command_EOF
              	
0CA5: FE1A    	    CP      ASCII_EOF                       ; check if first character is EOF
0CA7: CA590D  	    JP      Z, load_command_EOF
              	
0CAA: 21DD0E  	    LD      HL, LOAD_FILE_BUFFER            ; start of source, DE points to INPUT_BUFFER after "ADD "
0CAD: 225D0F  	    LD      (LOAD_FILE_BUFFER_POS), HL
              	
0CB0:         	load_command_load_word:
0CB0: CD5A0D  	    CALL    load_command_initialize_input_buffer
              	
0CB3: 0604    	    LD      B, 0x04                         ; input buffer content length - length of "ADD "
              	
0CB5:         	load_command_load_word_loop:
0CB5: D5      	    PUSH    DE
0CB6: 115D0F  	    LD      DE, LOAD_FILE_BUFFER_POS
0CB9: 2A5D0F  	    LD      HL, (LOAD_FILE_BUFFER_POS)
0CBC: ED52    	    SBC     HL, DE
0CBE: D1      	    POP     DE
              	
0CBF: 201D    	    JR      NZ, load_command_load_word_loop_continue
              	
0CC1:         	load_command_load_fetch_next_buffer:
0CC1: D9      	    EXX
0CC2: CD0B03  	    CALL    load_file_fetch
0CC5: F5      	    PUSH    AF
0CC6: D9      	    EXX
0CC7: F1      	    POP     AF
              	
0CC8: B7      	    OR      A                               ; check if nothing loaded
0CC9: C2590D  	    JP      NZ, load_command_EOF
              	
0CCC: 3ADD0E  	    LD      A, (LOAD_FILE_BUFFER)
              	
0CCF: B7      	    OR      A                               ; check if first character is a null
0CD0: CA590D  	    JP      Z, load_command_EOF
              	
0CD3: FE1A    	    CP      ASCII_EOF                       ; check if first character is EOF
0CD5: CA590D  	    JP      Z, load_command_EOF
              	
0CD8: 21DD0E  	    LD      HL, LOAD_FILE_BUFFER            ; start of source, DE points to INPUT_BUFFER after "ADD "
0CDB: 225D0F  	    LD      (LOAD_FILE_BUFFER_POS), HL
              	
0CDE:         	load_command_load_word_loop_continue:
0CDE: 78      	    LD      A, B
0CDF: FE51    	    CP      CURRENT_INPUT_MAX_LEN + 1       ; accommodate reading of EOF/null terminator
0CE1: 2844    	    JR      Z, load_command_input_too_long
              	
0CE3: 2A5D0F  	    LD      HL, (LOAD_FILE_BUFFER_POS)
              	
0CE6: 7E      	    LD      A, (HL)                         ; load character from file
              	
0CE7: B7      	    OR      A                               ; null terminator
0CE8: 2820    	    JR      Z, load_command_load_word_done
              	
0CEA: FE1A    	    CP      ASCII_EOF                       ; end of file
0CEC: 281C    	    JR      Z, load_command_load_word_done
              	
0CEE: FE0D    	    CP      ASCII_CR                        ; end of line is marked by CRLF
0CF0: 200F    	    JR      NZ, load_command_load_word_copy_char
              	
0CF2: 23      	    INC     HL
0CF3: 225D0F  	    LD      (LOAD_FILE_BUFFER_POS), HL
              	
0CF6: 7E      	    LD      A, (HL)
              	
0CF7: FE0A    	    CP      ASCII_LF
0CF9: 2042    	    JR      NZ, load_command_load_word_invalid_line_ending
              	
0CFB: 23      	    INC     HL
0CFC: 225D0F  	    LD      (LOAD_FILE_BUFFER_POS), HL
              	
0CFF: 1809    	    JR      load_command_load_word_done
              	
0D01:         	load_command_load_word_copy_char:
0D01: 12      	    LD      (DE), A                         ; copy the character to the input buffer
              	
0D02: 13      	    INC     DE                              ; move to the next
0D03: 23      	    INC     HL
0D04: 225D0F  	    LD      (LOAD_FILE_BUFFER_POS), HL
0D07: 04      	    INC     B
              	
0D08: 18AB    	    JR      load_command_load_word_loop
              	
0D0A:         	load_command_load_word_done:
0D0A: 78      	    LD      A, B
              	
0D0B: FE04    	    CP      4                               ; length of "ADD ", i.e. blank line
0D0D: 284A    	    JR      Z, load_command_EOF
              	
0D0F: 322C0E  	    LD      (INPUT_BUFFER_COUNT), A
              	
0D12: 112D0E  	    LD      DE, INPUT_BUFFER                ; echo it
0D15: CD8C08  	    CALL    print
              	
0D18: 3E0A    	    LD      A, ASCII_LF
0D1A: CDA608  	    CALL    print_char
              	
0D1D:         	load_command_execute_add_command:
0D1D: D9      	    EXX
              	
0D1E: CDB908  	    CALL    system_copy_input_to_current_input
0D21: C4C209  	    CALL    NZ, process_current_input
              	
0D24: D9      	    EXX
              	
0D25: 1889    	    JR      load_command_load_word
              	
0D27:         	load_command_input_too_long:
              	    .local
0D27: 112E0D  	    LD      DE, ERROR
0D2A: CD8C08  	    CALL    print
0D2D: C9      	    RET
0D2E: 4C696E65	ERROR   DEFM    'Line too long.',0
0D32: 20746F6F	
0D36: 206C6F6E	
0D3A: 672E00  	
              	    .endlocal
              	
0D3D:         	load_command_load_word_invalid_line_ending:
              	    .local
0D3D: 11440D  	    LD      DE, ERROR
0D40: CD8C08  	    CALL    print
0D43: C9      	    RET
0D44: 496E7661	ERROR   DEFM    'Invalid line ending',0
0D48: 6C696420	
0D4C: 6C696E65	
0D50: 20656E64	
0D54: 696E6700	
              	    .endlocal
              	
0D58:         	load_command_failed:
0D58: C9      	    RET
              	
0D59:         	load_command_EOF:
0D59:         	load_command_succeeded:
              	
0D59: C9      	    RET
              	
0D5A:         	load_command_initialize_input_buffer:
0D5A: CDAD08  	    CALL    system_clear_input_buffer
              	
0D5D:         	load_command_add_keyword_to_input_buffer:
              	    .local
0D5D: 21690D  	    LD      HL, KEYWORD
0D60: 112D0E  	    LD      DE, INPUT_BUFFER
0D63: 010400  	    LD      BC, 0x0004
0D66: EDB0    	    LDIR
              	
0D68: C9      	    RET
0D69: 41444420	KEYWORD DEFM    "ADD "
              	    .endlocal
              	    
              	    .include "command-processor/commands/save-command.asm"
              	;; ==================================================================
              	;; Saves the word list to a file
              	;; IN:  -
              	;; OUT: -
              	;; MOD: A, DE, HL, IX
              	;; ==================================================================
0D6D:         	save_command:
0D6D: 114801  	    LD      DE, NOT_IMPLEMENTED_NL
0D70: C38C08  	    JP      print
              	
0D73: CD6E01  	    CALL    parse_file_name
              	
0D76: B7      	    OR      A
0D77: C0      	    RET     NZ                              ; error
              	
0D78:         	save_command_execute:
0D78:         	save_command_prepare_index:                 ; create index of word list entries
0D78: 2A610F  	    LD      HL, (WORD_LIST_NEXT)            ; start the index where the next new word would go
0D7B: 11670F  	    LD      DE, WORD_LIST_END               ; location of the end of the word list
0D7E: 7323722B	    LD      (HL), DE                        ; write this end address as the first entry in the index
              	
0D82: DD2A5F0F	    LD      IX, (WORD_LIST_HEAD)            ; start IX at the head of the word list
              	
0D86: DD7E00  	    LD      A, (IX)
0D89: B7      	    OR      A
0D8A: 201C    	    JR      NZ, save_command_prepare_index_loop
              	
              	    .local
0D8C: 11930D  	    LD      DE, MESSAGE
0D8F: CD8C08  	    CALL    PRINT
0D92: C9      	    RET
              	
0D93: 576F7264	MESSAGE DEFM    "Word list is empty.", 10, 0
0D97: 206C6973	
0D9B: 74206973	
0D9F: 20656D70	
0DA3: 74792E0A	
0DA7: 00      	
              	    .endlocal
              	
0DA8:         	save_command_prepare_index_loop:
0DA8: DD7E00  	    LD      A, (IX + 0)                     ; load the length of the word
0DAB: B7      	    OR      A                               ; if 0, then end of word list reached
0DAC: 2814    	    JR      Z, save_command_prepare_index_done
              	
0DAE:         	save_command_prepare_index_write_address:
0DAE: DDE5    	    PUSH    IX                              ; copy the address of the word list entry into DE
0DB0: D1      	    POP     DE
              	
0DB1: 23      	    INC     HL
0DB2: 23      	    INC     HL
0DB3: 7323722B	    LD      (HL), DE                        ; write the address of the word list entry to the index
              	
0DB7: DD5E01  	    LD      DE, (IX + 1)                    ; load the address of the next word list entry
0DBA: DD5602  	
0DBD: D5      	    PUSH    DE
0DBE: DDE1    	    POP     IX                              ; copy it to IX
              	
0DC0: 18E6    	    JR      save_command_prepare_index_loop
              	
0DC2:         	save_command_prepare_index_done:
              	; HL now points to the last address in the index, the starting point for the write loop
0DC2: 54      	    LD      D, H                            ; Set DE to point to the address after the index where the file output will be prepared
0DC3: 5D      	    LD      E, L
0DC4: 13      	    INC     DE
0DC5: 13      	    INC     DE
              	
0DC6: D5      	    PUSH    DE                              ; save DE (start of prepared file)
              	
0DC7:         	save_command_prepare_file_content_loop:
0DC7: 4E23462B	    LD      BC, (HL)                        ; load the address of the word list entry
0DCB: DD60DD69	    LD      IX, BC
              	
0DCF: DD7E00  	    LD      A, (IX + 0)
0DD2: B7      	    OR      A
0DD3: 2819    	    JR      Z, save_command_prepare_file_content_done
              	
0DD5: E5      	    PUSH    HL                              ; save HL
              	
0DD6: DD6E03  	    LD      HL, (IX + 3)                    ; source address of the word, DE is the destination
0DD9: DD6604  	
0DDC: 0600    	    LD      B, 0x00
0DDE: 4F      	    LD      C, A                            ; number of characters
              	
0DDF: EDB0    	    LDIR                                    ; copy the word
              	
0DE1: 3E0D    	    LD      A, ASCII_CR                     ; append the CRLF
0DE3: 12      	    LD      (DE), A
0DE4: 13      	    INC     DE
0DE5: 3E0A    	    LD      A, ASCII_LF
0DE7: 12      	    LD      (DE), A
0DE8: 13      	    INC     DE
              	
0DE9: E1      	    POP     HL                              ; restore HL
              	
0DEA: 2B      	    DEC     HL                              ; back up to the previous index entry
0DEB: 2B      	    DEC     HL
0DEC: 18D9    	    JR      save_command_prepare_file_content_loop
              	
0DEE:         	save_command_prepare_file_content_done:
0DEE: 3E00    	    LD      A, 0x00                         ; append a null terminator
0DF0: 12      	    LD      (DE), A
              	
0DF1:         	save_command_save:
              	
0DF1: E1      	    POP     HL                              ; load HL with the start of the file content (previously pushed from DE)
              	
0DF2: CD1F03  	    CALL    save_file
              	
0DF5: F600    	    OR      A, 0
0DF7: 2815    	    JR      Z, save_command_succeeded
              	
0DF9:         	save_command_failed:
              	    .local
0DF9: 11000E  	    LD      DE, MESSAGE
0DFC: CD8C08  	    CALL    PRINT
0DFF: C9      	    RET
              	
0E00: 53617665	MESSAGE DEFM    "Save failed.", 10, 0
0E04: 20666169	
0E08: 6C65642E	
0E0C: 0A00    	
              	    .endlocal
              	
0E0E:         	save_command_succeeded:
0E0E: 112B01  	    LD      DE, INPUT_OK_NL
0E11: CD8C08  	    CALL    PRINT
              	
0E14: C9      	    RET
              	    
              	    .include "command-processor/commands/quit-command.asm"
              	;; ==================================================================
              	;; Signals that the app should end.  This is done by updating the
              	;; CURRENT_INPUT to be empty.
              	;; IN:  -
              	;; OUT: B  = number of characters
              	;;      HL = address of first non-COMMAND
              	;;           character in CURRENT_INPUT
              	;; MOD: A, B, DE, HL
              	;; ==========================================================
0E15:         	quit_command:
0E15: 2AD00E  	    LD      HL, (CURRENT_INPUT_POS)         ; check that no further input was specified
0E18: 7E      	    LD      A, (HL)
0E19: B7      	    OR      A
0E1A: 2807    	    JR      Z, quit_command_execute
              	
0E1C:         	quit_command_syntax_error:
0E1C: 113801  	    LD      DE, SYNTAX_ERROR_NL
0E1F: CD8C08  	    CALL    print
              	
0E22: C9      	    RET
              	
0E23:         	quit_command_execute:
0E23: E1      	    POP     HL                              ; pop the return address of the quit command
0E24: C31801  	    JP      main_done
              	    
              	
0E27:         	DATA_BASE                   DEFL    $
              	
0E27: 0000    	STACK_BASE                  DEFW    0
0E29: 0000    	STACK_POINTER               DEFW    0
              	
0050:         	INPUT_BUFFER_MAX_LEN        equ     80d
0E2B: 00      	INPUT_BUFFER_SIZE           DEFB    0
0E2C: 00      	INPUT_BUFFER_COUNT          DEFB    0
0E2D: 00000000	INPUT_BUFFER                DEFS    (CURRENT_INPUT_MAX_LEN + 1), 0 ; null-terminated
0E31: 00...   	
              	
0050:         	CURRENT_INPUT_MAX_LEN       equ     INPUT_BUFFER_MAX_LEN
0E7E: 00000000	CURRENT_INPUT               DEFS    (CURRENT_INPUT_MAX_LEN), 0
0E82: 00...   	
0ECE: 00      	CURRENT_INPUT_LEN           DEFB    0
0ECF: 00      	CURRENT_INPUT_REMAINING_LEN DEFB    0
0ED0: 0000    	CURRENT_INPUT_POS           DEFW    0
              	
0ED2: 00000000	PARSED_FILE_NAME            DEFS    8, 0
0ED6: 00000000	
0EDA: 000000  	PARSED_FILE_EXT             DEFS    3, 0
              	
0EDD: 00000000	LOAD_FILE_BUFFER            DEFS    128,0
0EE1: 00...   	
0F5D: 0000    	LOAD_FILE_BUFFER_POS        DEFW    0
              	
              	; this must be the last one:
0F5F: 670F    	WORD_LIST_HEAD:             DEFW    WORD_LIST_END   ; points to the last word added
0F61: 680F    	WORD_LIST_NEXT:             DEFW    WORD_LIST_END + 1 ; points to where the next new word will be stored
              	
              	; Structure:
              	;LENGTH: DEFB    3
              	;NEXT:   DEFW    WORD_LIST_END
              	;THIS:   DEFW    WORD
              	;WORD:   DEFM    "Abc", 0
              	
0F63: 0000    	WORD_LIST_CHECKPOINT_HEAD:  DEFW    0x0000
0F65: 0000    	WORD_LIST_CHECKPOINT_NEXT:  DEFW    0x0000
              	
0F67: 00      	WORD_LIST_END:              DEFB    0
              	    


; +++ segments +++

#CODE          = $0100 =   256,  size = $0E68 =  3688

; +++ global symbols +++

_end                                   = $0F68 =  3944          bforth2.asm:1 (unused)
_size                                  = $0E68 =  3688          bforth2.asm:1 (unused)
_z80_                                  = $0001 =     1          bforth2.asm:1 (unused)
add_command                            = $0A6E =  2670          add-command.asm:7
add_command_def                        = $04BA =  1210          command-list.asm:24
add_command_done                       = $0ABC =  2748          add-command.asm:63
add_command_syntax_error               = $0AB5 =  2741          add-command.asm:57
add_command_update_word_list_pointers  = $0AA9 =  2729          add-command.asm:50 (unused)
add_command_write_word_text            = $0A7F =  2687          add-command.asm:22 (unused)
ascii_a_lower                          = $0061 =    97          ascii.asm:12
ascii_cr                               = $000D =    13          ascii.asm:5
ascii_eof                              = $001A =    26          ascii.asm:6
ascii_ff                               = $000C =    12          ascii.asm:4
ascii_first_non_control                = $0020 =    32          ascii.asm:8
ascii_lf                               = $000A =    10          ascii.asm:2
ascii_period                           = $002E =    46          ascii.asm:10
ascii_space                            = $0020 =    32          ascii.asm:9
ascii_tab                              = $0009 =     9          ascii.asm:1
ascii_vt                               = $000B =    11          ascii.asm:3
ascii_z_lower_plus_one                 = $007B =   123          ascii.asm:13
bdos                                   = $0005 =     5          bdos.constants.asm:1
bdos_line_input                        = $0119 =   281          bdos-line-input.asm:7
bdos_print_char                        = $011F =   287          bdos-print-char.asm:7
bdos_print_string                      = $0125 =   293          bdos-print-string.asm:7
checkpoint_command                     = $0BD0 =  3024          checkpoint-command.asm:7
checkpoint_command_def                 = $0599 =  1433          command-list.asm:80
checkpoint_command_done                = $0BF0 =  3056          checkpoint-command.asm:28 (unused)
checkpoint_command_execute             = $0BE4 =  3044          checkpoint-command.asm:22
checkpoint_command_syntax_error        = $0BDD =  3037          checkpoint-command.asm:16 (unused)
clear                                  = $06EF =  1775          CLEAR.asm:7
clear_command                          = $0C50 =  3152          clear-command.asm:7
clear_command_def                      = $069B =  1691          command-list.asm:136
clear_command_done                     = $0C7C =  3196          clear-command.asm:31 (unused)
clear_command_execute                  = $0C64 =  3172          clear-command.asm:22
clear_command_syntax_error             = $0C5D =  3165          clear-command.asm:16 (unused)
clear_screen                           = $06FA =  1786          CLEAR-SCREEN.asm:7
command_description                    = $0007 =     7          command-list.asm:7
command_keyword                        = $0003 =     3          command-list.asm:5
command_keyword_len                    = $0002 =     2          command-list.asm:4
command_list                           = $048D =  1165          command-list.asm:1
command_list_end                       = $06EC =  1772          command-list.asm:164
command_method_address                 = $0009 =     9          command-list.asm:8
command_next_command                   = $0000 =     0          command-list.asm:3
command_syntax                         = $0005 =     5          command-list.asm:6
current_input                          = $0E7E =  3710          bforth2.asm:94
current_input_len                      = $0ECE =  3790          bforth2.asm:95
current_input_max_len                  = $0050 =    80          bforth2.asm:93
current_input_pos                      = $0ED0 =  3792          bforth2.asm:97
current_input_remaining_len            = $0ECF =  3791          bforth2.asm:96 (unused)
current_token                          = $081F =  2079          TOKEN.asm:64
current_token_len                      = $081E =  2078          TOKEN.asm:63
data_base                              = $0E27 =  3623          bforth2.asm:83 (unused)
dot                                    = $070E =  1806          DOT.asm:7
dot_concatenate                        = $073F =  1855          DOT.asm:31
dot_print                              = $0742 =  1858          DOT.asm:34 (unused)
dot_push_terminator                    = $0733 =  1843          DOT.asm:21
dump_command                           = $0B91 =  2961          dump-command.asm:7
dump_command_def                       = $0571 =  1393          command-list.asm:66
dump_command_done                      = $0BC9 =  3017          dump-command.asm:44
dump_command_execute                   = $0BA5 =  2981          dump-command.asm:22
dump_command_loop                      = $0BA9 =  2985          dump-command.asm:25
dump_command_next_command              = $0BBE =  3006          dump-command.asm:37 (unused)
dump_command_syntax_error              = $0B9E =  2974          dump-command.asm:16 (unused)
f_close                                = $0010 =    16          bdos.constants.asm:10
f_console_out                          = $0002 =     2          bdos.constants.asm:2
f_delete                               = $0013 =    19          bdos.constants.asm:11
f_dma                                  = $001A =    26          bdos.constants.asm:7
f_make                                 = $0016 =    22          bdos.constants.asm:8
f_open                                 = $000F =    15          bdos.constants.asm:5
f_print_string                         = $0009 =     9          bdos.constants.asm:3
f_read                                 = $0014 =    20          bdos.constants.asm:6
f_read_console_buffer                  = $000A =    10          bdos.constants.asm:4
f_write                                = $0015 =    21          bdos.constants.asm:9
find_command                           = $0AC3 =  2755          find-command.asm:7
find_command_def                       = $04F1 =  1265          command-list.asm:38
find_command_done                      = $0B38 =  2872          find-command.asm:82
find_command_execute                   = $0AD4 =  2772          find-command.asm:22 (unused)
find_command_loop                      = $0AD8 =  2776          find-command.asm:25
find_command_loop_match_character      = $0AEB =  2795          find-command.asm:38
find_command_method_address            = $09E3 =  2531          find-command-method-address.asm:8
find_command_method_address_check_command = $09EB =  2539          find-command-method-address.asm:13
find_command_method_address_compare    = $09F4 =  2548          find-command-method-address.asm:21 (unused)
find_command_method_address_compare_loop = $09FE =  2558          find-command-method-address.asm:26
find_command_method_address_compare_next_character = $0A0D =  2573          find-command-method-address.asm:37
find_command_method_address_found      = $0A12 =  2578          find-command-method-address.asm:43 (unused)
find_command_method_address_next_command = $0A02 =  2562          find-command-method-address.asm:31
find_command_method_address_not_found  = $0A1C =  2588          find-command-method-address.asm:49
find_command_next_word                 = $0AF6 =  2806          find-command.asm:51
find_command_syntax_error              = $0B01 =  2817          find-command.asm:58
find_command_word_found                = $0B08 =  2824          find-command.asm:64
find_command_word_not_found            = $0B1E =  2846          find-command.asm:73
help_command                           = $0A20 =  2592          help-command.asm:7
help_command_def                       = $048D =  1165          command-list.asm:10 (unused)
help_command_done                      = $0A67 =  2663          help-command.asm:48
help_command_execute                   = $0A34 =  2612          help-command.asm:22
help_command_loop                      = $0A38 =  2616          help-command.asm:25
help_command_next_command              = $0A5C =  2652          help-command.asm:42 (unused)
help_command_syntax_error              = $0A2D =  2605          help-command.asm:16 (unused)
help_prompt_text                       = $0750 =  1872          HELP-PROMPT-TEXT.asm:7
help_syntax_description_delimiter      = $0134 =   308          text.asm:4
inline                                 = $077F =  1919          INLINE.asm:8
input_buffer                           = $0E2D =  3629          bforth2.asm:91
input_buffer_count                     = $0E2C =  3628          bforth2.asm:90
input_buffer_max_len                   = $0050 =    80          bforth2.asm:88
input_buffer_size                      = $0E2B =  3627          bforth2.asm:89
input_not_recognized_nl                = $012F =   303          text.asm:2
input_ok_nl                            = $012B =   299          text.asm:1
is_whitespace                          = $015B =   347          is-whitespace.asm:9
load_command                           = $0C83 =  3203          load-command.asm:8
load_command_add_keyword_to_input_buffer = $0D5D =  3421          load-command.asm:166 (unused)
load_command_def                       = $0621 =  1569          command-list.asm:108
load_command_eof                       = $0D59 =  3417          load-command.asm:158
load_command_execute                   = $0C90 =  3216          load-command.asm:17 (unused)
load_command_execute_add_command       = $0D1D =  3357          load-command.asm:129 (unused)
load_command_failed                    = $0D58 =  3416          load-command.asm:155
load_command_fetch_first_buffer        = $0C97 =  3223          load-command.asm:22 (unused)
load_command_initialize_input_buffer   = $0D5A =  3418          load-command.asm:163
load_command_input_too_long            = $0D27 =  3367          load-command.asm:139
load_command_load_fetch_next_buffer    = $0CC1 =  3265          load-command.asm:53 (unused)
load_command_load_word                 = $0CB0 =  3248          load-command.asm:39
load_command_load_word_copy_char       = $0D01 =  3329          load-command.asm:105
load_command_load_word_done            = $0D0A =  3338          load-command.asm:115
load_command_load_word_invalid_line_ending = $0D3D =  3389          load-command.asm:147
load_command_load_word_loop            = $0CB5 =  3253          load-command.asm:44
load_command_load_word_loop_continue   = $0CDE =  3294          load-command.asm:74
load_command_succeeded                 = $0D59 =  3417          load-command.asm:159 (unused)
load_file_buffer                       = $0EDD =  3805          bforth2.asm:102
load_file_buffer_pos                   = $0F5D =  3933          bforth2.asm:103
load_file_fcb                          = $0267 =   615          load-file-prepare.asm:51
load_file_fcb_cr                       = $0287 =   647          load-file-prepare.asm:58 (unused)
load_file_fcb_ex                       = $0273 =   627          load-file-prepare.asm:54 (unused)
load_file_fcb_ext                      = $0270 =   624          load-file-prepare.asm:53
load_file_fcb_name                     = $0268 =   616          load-file-prepare.asm:52
load_file_fcb_rc                       = $0276 =   630          load-file-prepare.asm:56 (unused)
load_file_fcb_rrec                     = $0288 =   648          load-file-prepare.asm:59 (unused)
load_file_fcb_size                     = $0024 =    36          load-file-prepare.asm:60
load_file_fetch                        = $030B =   779          load-file-fetch.asm:8
load_file_fetch_done                   = $031E =   798          load-file-fetch.asm:20 (unused)
load_file_fetch_initialize             = $030B =   779          load-file-fetch.asm:9 (unused)
load_file_fetch_read                   = $0316 =   790          load-file-fetch.asm:15 (unused)
load_file_prepare                      = $01E8 =   488          load-file-prepare.asm:7
load_file_prepare_error                = $021D =   541          load-file-prepare.asm:36 (unused)
load_file_prepare_initialize           = $01E8 =   488          load-file-prepare.asm:8 (unused)
load_file_prepare_open                 = $0211 =   529          load-file-prepare.asm:28 (unused)
load_file_prepare_success              = $0264 =   612          load-file-prepare.asm:47
load_file_prepare_write_buffer         = $028B =   651          load-file-prepare.asm:61 (unused)
main_done                              = $0118 =   280          bforth2.asm:23
main_entry                             = $0100 =   256          bforth2.asm:3 (unused)
main_null_token                        = $0110 =   272          bforth2.asm:18
main_prompt_input_echo_loop            = $0103 =   259          bforth2.asm:6
main_prompt_parse_tokens               = $0106 =   262          bforth2.asm:9
new_line                               = $0132 =   306          text.asm:3
not_implemented_nl                     = $0148 =   328          text.asm:6
ok                                     = $0789 =  1929          OK.asm:7
parse_file_name                        = $016E =   366          parse-file-name.asm:7
parse_file_name_initialize             = $0179 =   377          parse-file-name.asm:19 (unused)
parse_file_name_invalid_filename       = $01CB =   459          parse-file-name.asm:94
parse_file_name_parse_extension        = $01A6 =   422          parse-file-name.asm:56 (unused)
parse_file_name_parse_extension_done   = $01BB =   443          parse-file-name.asm:79
parse_file_name_parse_extension_loop   = $01AC =   428          parse-file-name.asm:61
parse_file_name_parse_filename_loop    = $018F =   399          parse-file-name.asm:30
parse_file_name_parse_filename_period_found = $01A2 =   418          parse-file-name.asm:51
parse_file_name_syntax_error           = $01C2 =   450          parse-file-name.asm:87
parsed_file_ext                        = $0EDA =  3802          bforth2.asm:100
parsed_file_name                       = $0ED2 =  3794          bforth2.asm:99
pop_stack                              = $0917 =  2327          pop-stack.asm:7
pop_stack_execute                      = $093C =  2364          pop-stack.asm:21
print                                  = $088C =  2188          print.cpm.asm:8
print_char                             = $08A6 =  2214          print-char.cpm.asm:8
print_find_null_terminator_loop        = $0893 =  2195          print.cpm.asm:17
print_greeting                         = $0799 =  1945          PRINT-GREETING.asm:7
process_current_input                  = $09C2 =  2498          process-current-input.asm:11
process_current_input_command_not_recognized = $09D4 =  2516          process-current-input.asm:26 (unused)
process_current_input_command_recognized = $09E1 =  2529          process-current-input.asm:33
process_current_input_done             = $09E2 =  2530          process-current-input.asm:37
prompt                                 = $07A6 =  1958          PROMPT.asm:7
push_string                            = $08FE =  2302          push-string.asm:9
quit_command                           = $0E15 =  3605          quit-command.asm:10
quit_command_def                       = $06C6 =  1734          command-list.asm:150
quit_command_execute                   = $0E23 =  3619          quit-command.asm:22
quit_command_syntax_error              = $0E1C =  3612          quit-command.asm:16 (unused)
remove_command                         = $0B3F =  2879          remove-command.asm:7
remove_command_def                     = $052A =  1322          command-list.asm:52
remove_command_done                    = $0B8A =  2954          remove-command.asm:45
remove_command_execute                 = $0B53 =  2899          remove-command.asm:21 (unused)
remove_command_syntax_error            = $0B65 =  2917          remove-command.asm:30
remove_command_word_list_is_empty      = $0B6C =  2924          remove-command.asm:36
reset_stack                            = $07B5 =  1973          RESET-STACK.asm:7
rollback_command                       = $0BF7 =  3063          rollback-command.asm:7
rollback_command_def                   = $05E1 =  1505          command-list.asm:94
rollback_command_done                  = $0C49 =  3145          rollback-command.asm:53
rollback_command_execute               = $0C10 =  3088          rollback-command.asm:26
rollback_command_no_checkpoint         = $0C27 =  3111          rollback-command.asm:38
rollback_command_syntax_error          = $0C42 =  3138          rollback-command.asm:47
save_command                           = $0D6D =  3437          save-command.asm:7
save_command_def                       = $065E =  1630          command-list.asm:122
save_command_execute                   = $0D78 =  3448          save-command.asm:16 (unused)
save_command_failed                    = $0DF9 =  3577          save-command.asm:106 (unused)
save_command_prepare_file_content_done = $0DEE =  3566          save-command.asm:93
save_command_prepare_file_content_loop = $0DC7 =  3527          save-command.asm:64
save_command_prepare_index             = $0D78 =  3448          save-command.asm:17 (unused)
save_command_prepare_index_done        = $0DC2 =  3522          save-command.asm:55
save_command_prepare_index_loop        = $0DA8 =  3496          save-command.asm:36
save_command_prepare_index_write_address = $0DAE =  3502          save-command.asm:41 (unused)
save_command_save                      = $0DF1 =  3569          save-command.asm:97 (unused)
save_command_succeeded                 = $0E0E =  3598          save-command.asm:115
save_file                              = $031F =   799          save-file.asm:7
save_file_content                      = $03BD =   957          save-file.asm:104
save_file_error                        = $03A3 =   931          save-file.asm:89
save_file_fcb                          = $03BF =   959          save-file.asm:105
save_file_fcb_cr                       = $03DF =   991          save-file.asm:112 (unused)
save_file_fcb_ex                       = $03CB =   971          save-file.asm:108 (unused)
save_file_fcb_ext                      = $03C8 =   968          save-file.asm:107
save_file_fcb_name                     = $03C0 =   960          save-file.asm:106
save_file_fcb_rc                       = $03CE =   974          save-file.asm:110 (unused)
save_file_fcb_rrec                     = $03E0 =   992          save-file.asm:113 (unused)
save_file_fcb_size                     = $0024 =    36          save-file.asm:114
save_file_fill_buffer                  = $035E =   862          save-file.asm:41
save_file_fill_buffer_done             = $038B =   907          save-file.asm:74
save_file_fill_buffer_loop             = $0371 =   881          save-file.asm:51
save_file_initialize                   = $031F =   799          save-file.asm:8 (unused)
save_file_success                      = $03BA =   954          save-file.asm:100
save_file_write                        = $0343 =   835          save-file.asm:26 (unused)
save_file_write_buffer                 = $03E3 =   995          save-file.asm:115
skip_whitespace                        = $0463 =  1123          skip-whitespace.asm:9 (unused)
skip_whitespace_done                   = $046F =  1135          skip-whitespace.asm:21
skip_whitespace_loop                   = $0463 =  1123          skip-whitespace.asm:10
stack_base                             = $0E27 =  3623          bforth2.asm:85
stack_concatenate                      = $094B =  2379          stack-concatenate.asm:8
stack_concatenate_execute              = $0970 =  2416          stack-concatenate.asm:22
stack_pointer                          = $0E29 =  3625          bforth2.asm:86
stack_string_type                      = $0001 =     1          data-types.asm:1
start                                  = $07C5 =  1989          START.asm:7
syntax_error_nl                        = $0138 =   312          text.asm:5
system_clear_input_buffer              = $08AD =  2221          system-clear-input-buffer.asm:7
system_copy_input_to_current_input     = $08B9 =  2233          system-copy-input-buffer-to-current-input.asm:7
system_copy_input_to_current_input_done = $08E3 =  2275          system-copy-input-buffer-to-current-input.asm:31
system_fill_memory                     = $08E4 =  2276          system-fill-memory.asm:11
system_load_input_buffer               = $08EC =  2284          system-load-input-buffer.asm:9
to_uppercase                           = $0470 =  1136          to-uppercase.asm:9
to_uppercase_done                      = $048A =  1162          to-uppercase.asm:38
to_uppercase_loop                      = $0472 =  1138          to-uppercase.asm:13
to_uppercase_next_character            = $0486 =  1158          to-uppercase.asm:33
to_uppercase_process_character         = $0477 =  1143          to-uppercase.asm:20 (unused)
token                                  = $07CF =  1999          TOKEN.asm:9
token_copy_token_loop                  = $07FE =  2046          TOKEN.asm:37
token_done                             = $0812 =  2066          TOKEN.asm:55 (unused)
token_end_of_input                     = $080F =  2063          TOKEN.asm:51
token_end_of_token                     = $080F =  2063          TOKEN.asm:52
token_skip_whitespace                  = $07EC =  2028          TOKEN.asm:22
welcome_text                           = $086F =  2159          WELCOME-TEXT.asm:7
word_list_checkpoint_head              = $0F63 =  3939          bforth2.asm:115
word_list_checkpoint_next              = $0F65 =  3941          bforth2.asm:116
word_list_end                          = $0F67 =  3943          bforth2.asm:118
word_list_head                         = $0F5F =  3935          bforth2.asm:106
word_list_next                         = $0F61 =  3937          bforth2.asm:107

; +++ local symbols +++

message = $01D4 =   468          parse-file-name.asm:102

; +++ local symbols +++

message = $0226 =   550          load-file-prepare.asm:44

; +++ local symbols +++

message = $03AC =   940          save-file.asm:97

; +++ local symbols +++

description = $04A1 =  1185          command-list.asm:21
keyword     = $0498 =  1176          command-list.asm:19
syntax      = $049C =  1180          command-list.asm:20

; +++ local symbols +++

description = $04D3 =  1235          command-list.asm:35
keyword     = $04C5 =  1221          command-list.asm:33
syntax      = $04C8 =  1224          command-list.asm:34

; +++ local symbols +++

description = $050C =  1292          command-list.asm:49
keyword     = $04FC =  1276          command-list.asm:47
syntax      = $0500 =  1280          command-list.asm:48

; +++ local symbols +++

description = $0542 =  1346          command-list.asm:63
keyword     = $0535 =  1333          command-list.asm:61
syntax      = $053B =  1339          command-list.asm:62

; +++ local symbols +++

description = $0585 =  1413          command-list.asm:77
keyword     = $057C =  1404          command-list.asm:75
syntax      = $0580 =  1408          command-list.asm:76

; +++ local symbols +++

description = $05B9 =  1465          command-list.asm:91
keyword     = $05A4 =  1444          command-list.asm:89
syntax      = $05AE =  1454          command-list.asm:90

; +++ local symbols +++

description = $05FD =  1533          command-list.asm:105
keyword     = $05EC =  1516          command-list.asm:103
syntax      = $05F4 =  1524          command-list.asm:104

; +++ local symbols +++

description = $0640 =  1600          command-list.asm:119
keyword     = $062C =  1580          command-list.asm:117
syntax      = $0630 =  1584          command-list.asm:118

; +++ local symbols +++

description = $067D =  1661          command-list.asm:133
keyword     = $0669 =  1641          command-list.asm:131
syntax      = $066D =  1645          command-list.asm:132

; +++ local symbols +++

description = $06B1 =  1713          command-list.asm:147
keyword     = $06A6 =  1702          command-list.asm:145
syntax      = $06AB =  1707          command-list.asm:146

; +++ local symbols +++

description = $06DA =  1754          command-list.asm:161
keyword     = $06D1 =  1745          command-list.asm:159
syntax      = $06D5 =  1749          command-list.asm:160

; +++ local symbols +++

clear_screen_seq     = $0707 =  1799          CLEAR-SCREEN.asm:17
clear_screen_seq_len = $0007 =     7          CLEAR-SCREEN.asm:23

; +++ local symbols +++

error   = $0721 =  1825          DOT.asm:18

; +++ local symbols +++

terminator = $073E =  1854          DOT.asm:28

; +++ local symbols +++

help_prompt_nl     = $075A =  1882          HELP-PROMPT-TEXT.asm:15
help_prompt_nl_len = $0025 =    37          HELP-PROMPT-TEXT.asm:16

; +++ local symbols +++

ok_prompt     = $0796 =  1942          OK.asm:17
ok_prompt_len = $0003 =     3          OK.asm:19

; +++ local symbols +++

input_prompt     = $07B3 =  1971          PROMPT.asm:17
input_prompt_len = $0002 =     2          PROMPT.asm:19

; +++ local symbols +++

text_greeting_nl     = $0879 =  2169          WELCOME-TEXT.asm:15
text_greeting_nl_len = $0013 =    19          WELCOME-TEXT.asm:16

; +++ local symbols +++

error   = $092A =  2346          pop-stack.asm:18

; +++ local symbols +++

error   = $095E =  2398          stack-concatenate.asm:19

; +++ local symbols +++

message = $0B11 =  2833          find-command.asm:70

; +++ local symbols +++

message = $0B27 =  2855          find-command.asm:79

; +++ local symbols +++

message = $0B75 =  2933          remove-command.asm:42

; +++ local symbols +++

message = $0C2E =  3118          rollback-command.asm:44

; +++ local symbols +++

error   = $0D2E =  3374          load-command.asm:144

; +++ local symbols +++

error   = $0D44 =  3396          load-command.asm:152

; +++ local symbols +++

keyword = $0D69 =  3433          load-command.asm:174

; +++ local symbols +++

message = $0D93 =  3475          save-command.asm:33

; +++ local symbols +++

message = $0E00 =  3584          save-command.asm:112


total time: 0.0456 sec.
no errors
